USE BUDT703_Project_0507_04

DELETE FROM Record
DELETE FROM Play
DELETE FROM Opponent
DELETE FROM Location
DELETE FROM Date
DELETE FROM Score



INSERT INTO Score VALUES
('S0001', 7, 8),
('S0002', 6, 9),
('S0003', 6, 8),
('S0004', 1, 2),
('S0005', 20, 2),
('S0006', 12, 4),
('S0007', 3, 4),
('S0008', 17, 2),
('S0009', 15, 2),
('S0010', 9, 3),
('S0011', 6, 5),
('S0012', 0, 6),
('S0013', 1, 11),
('S0014', 5, 9),
('S0015', 1, 9),
('S0016', 3, 7),
('S0017', 3, 8),
('S0018', 2, 4),
('S0019', 1, 8),
('S0020', 8, 15),
('S0021', 2, 5),
('S0022', 18, 6),
('S0023', 0, 9),
('S0024', 15, 14),
('S0025', 11, 1),
('S0026', 0, 8),
('S0027', 0, 11),
('S0028', 0, 8),
('S0029', 2, 0),
('S0030', 3, 11),
('S0031', 0, 9),
('S0032', 2, 13),
('S0033', 0, 11),
('S0034', 1, 16),
('S0035', 0, 15),
('S0036', 3, 18),
('S0037', 9, 7),
('S0038', 14, 4),
('S0039', 15, 9),
('S0040', 11, 3),
('S0041', 7, 6),
('S0042', 5, 6),
('S0043', 1, 12),
('S0044', 0, 8),
('S0045', 0, 15),
('S0046', 0, 10),
('S0047', 1, 9),
('S0048', 0, 12),
('S0049', 1, 6),
('S0050', 8, 1),
('S0051', 4, 0),
('S0052', 6, 2),
('S0053', 1, 12),
('S0054', 3, 0),
('S0055', 37, 0),
('S0056', 14, 0),
('S0057', 0, 2),
('S0058', 0, 3),
('S0059', 0, 4),
('S0060', 2, 6),
('S0061', 0, 8),
('S0062', 0, 3),
('S0063', 7, 3),
('S0064', 2, 0),
('S0065', 0, 1),
('S0066', 4, 3),
('S0067', 1, 0),
('S0068', 1, 0),
('S0069', 4, 2),
('S0070', 0, 10),
('S0071', 4, 0),
('S0072', 2, 1),
('S0073', 0, 1),
('S0074', 19, 1),
('S0075', 26, 0),
('S0076', 1, 0),
('S0077', 18, 1),
('S0078', 9, 4),
('S0079', 0, 5),
('S0080', 3, 0),
('S0081', 1, 3),
('S0082', 0, 2),
('S0083', 2, 2),
('S0084', 3, 7),
('S0085', 2, 0),
('S0086', 1, 0),
('S0087', 0, 8),
('S0088', 0, 2),
('S0089', 0, 2),
('S0090', 0, 2),
('S0091', 3, 1),
('S0092', 3, 6),
('S0093', 0, 8),
('S0094', 2, 1),
('S0095', 2, 0),
('S0096', 19, 1),
('S0097', 17, 0),
('S0098', 6, 2),
('S0099', 6, 1),
('S0100', 1, 0),
('S0101', 2, 0),
('S0102', 1, 2),
('S0103', 3, 5),
('S0104', 1, 0),
('S0105', 6, 0),
('S0106', 2, 4),
('S0107', 6, 2),
('S0108', 3, 4),
('S0109', 1, 3),
('S0110', 1, 2),
('S0111', 2, 0),
('S0112', 0, 3),
('S0113', 1, 0),
('S0114', 2, 7),
('S0115', 4, 2),
('S0116', 4, 0),
('S0117', 0, 2),
('S0118', 2, 3),
('S0119', 0, 1),
('S0120', 0, 3),
('S0121', 3, 4),
('S0122', 2, 1),
('S0123', 1, 0),
('S0124', 6, 7),
('S0125', 1, 0),
('S0126', 2, 1),
('S0127', 3, 0),
('S0128', 9, 0),
('S0129', 0, 3),
('S0130', 4, 1),
('S0131', 2, 6),
('S0132', 3, 0),
('S0133', 4, 3),
('S0134', 0, 1),
('S0135', 9, 0),
('S0136', 11, 1),
('S0137', 2, 0),
('S0138', 3, 5),
('S0139', 0, 2),
('S0140', 0, 1),
('S0141', 0, 5),
('S0142', 0, 9),
('S0143', 2, 4),
('S0144', 8, 0),
('S0145', 8, 0),
('S0146', 3, 0),
('S0147', 0, 1),
('S0148', 2, 0),
('S0149', 5, 0),
('S0150', 0, 3),
('S0151', 0, 4),
('S0152', 4, 3),
('S0153', 7, 2),
('S0154', 12, 4),
('S0155', 9, 8),
('S0156', 9, 0),
('S0157', 9, 10),
('S0158', 2, 0),
('S0159', 6, 1),
('S0160', 8, 1),
('S0161', 2, 1),
('S0162', 2, 3),
('S0163', 2, 7),
('S0164', 3, 6),
('S0165', 5, 3),
('S0166', 1, 9),
('S0167', 0, 1),
('S0168', 1, 0),
('S0169', 8, 0),
('S0170', 5, 1),
('S0171', 6, 1),
('S0172', 2, 0),
('S0173', 5, 1),
('S0174', 0, 1),
('S0175', 3, 4),
('S0176', 7, 5),
('S0177', 5, 0),
('S0178', 4, 0),
('S0179', 1, 0),
('S0180', 2, 4),
('S0181', 4, 3),
('S0182', 2, 4),
('S0183', 0, 2),
('S0184', 2, 5),
('S0185', 0, 4),
('S0186', 2, 3),
('S0187', 6, 4),
('S0188', 0, 8),
('S0189', 8, 0),
('S0190', 2, 7),
('S0191', 0, 2),
('S0192', 2, 3),
('S0193', 1, 2),
('S0194', 5, 3),
('S0195', 0, 2),
('S0196', 9, 0),
('S0197', 5, 2),
('S0198', 18, 0),
('S0199', 0, 18),
('S0200', 1, 0),
('S0201', 3, 1),
('S0202', 11, 0),
('S0203', 8, 7),
('S0204', 4, 5),
('S0205', 9, 2),
('S0206', 3, 2),
('S0207', 3, 7),
('S0208', 7, 3),
('S0209', 7, 2),
('S0210', 2, 1),
('S0211', 2, 3),
('S0212', 3, 2),
('S0213', 10, 1),
('S0214', 5, 3),
('S0215', 6, 5),
('S0216', 9, 4),
('S0217', 2, 1),
('S0218', 3, 2),
('S0219', 9, 3),
('S0220', 7, 1),
('S0221', 1, 3),
('S0222', 9, 3),
('S0223', 5, 4),
('S0224', 2, 6),
('S0225', 4, 3),
('S0226', 11, 3),
('S0227', 3, 2),
('S0228', 4, 3),
('S0229', 1, 3),
('S0230', 2, 1),
('S0231', 5, 3),
('S0232', 3, 1),
('S0233', 5, 2),
('S0234', 1, 2),
('S0235', 6, 2),
('S0236', 5, 1),
('S0237', 2, 5),
('S0238', 1, 3),
('S0239', 7, 3),
('S0240', 7, 1),
('S0241', 6, 1),
('S0242', 8, 3),
('S0243', 7, 2),
('S0244', 6, 3),
('S0245', 2, 0),
('S0246', 3, 4),
('S0247', 6, 3),
('S0248', 2, 6),
('S0249', 3, 10),
('S0250', 2, 3),
('S0251', 7, 6),
('S0252', 7, 3),
('S0253', 9, 5),
('S0254', 2, 1),
('S0255', 6, 3),
('S0256', 6, 5),
('S0257', 4, 3),
('S0258', 6, 5),
('S0259', 8, 3),
('S0260', 5, 0),
('S0261', 4, 1),
('S0262', 5, 1),
('S0263', 8, 1),
('S0264', 15, 1),
('S0265', 2, 3),
('S0266', 4, 3),
('S0267', 7, 1),
('S0268', 5, 4),
('S0269', 5, 0),
('S0270', 6, 1),
('S0271', 6, 5),
('S0272', 4, 5),
('S0273', 2, 0),
('S0274', 14, 5),
('S0275', 4, 2),
('S0276', 4, 2),
('S0277', 4, 1),
('S0278', 2, 3),
('S0279', 5, 3),
('S0280', 10, 2),
('S0281', 6, 2),
('S0282', 3, 2),
('S0283', 3, 2),
('S0284', 4, 3),
('S0285', 5, 1),
('S0286', 4, 3),
('S0287', 4, 1),
('S0288', 1, 4),
('S0289', 3, 5),
('S0290', 1, 10),
('S0291', 1, 2),
('S0292', 7, 1),
('S0293', 3, 4),
('S0294', 2, 1),
('S0295', 1, 3),
('S0296', 2, 1),
('S0297', 10, 1),
('S0298', 1, 4),
('S0299', 3, 1),
('S0300', 4, 3),
('S0301', 2, 4),
('S0302', 5, 3),
('S0303', 8, 1),
('S0304', 4, 5),
('S0305', 5, 4),
('S0306', 8, 1),
('S0307', 0, 1),
('S0308', 5, 1),
('S0309', 3, 2),
('S0310', 2, 3),
('S0311', 1, 5),
('S0312', 3, 1),
('S0313', 5, 10),
('S0314', 5, 3),
('S0315', 4, 0),
('S0316', 8, 0),
('S0317', 10, 8),
('S0318', 7, 3),
('S0319', 12, 3),
('S0320', 4, 3),
('S0321', 2, 4),
('S0322', 1, 2),
('S0323', 2, 1),
('S0324', 5, 0),
('S0325', 4, 0),
('S0326', 2, 4),
('S0327', 4, 3),
('S0328', 4, 3),
('S0329', 1, 2),
('S0330', 3, 0),
('S0331', 4, 0),
('S0332', 1, 5),
('S0333', 0, 1),
('S0334', 5, 2),
('S0335', 3, 0),
('S0336', 3, 1),
('S0337', 11, 2),
('S0338', 2, 1),
('S0339', 4, 1),
('S0340', 8, 3),
('S0341', 7, 3),
('S0342', 3, 0),
('S0343', 5, 1),
('S0344', 5, 1),
('S0345', 11, 1),
('S0346', 7, 2),
('S0347', 6, 0),
('S0348', 7, 3),
('S0349', 2, 1),
('S0350', 2, 1),
('S0351', 1, 3),
('S0352', 7, 0),
('S0353', 3, 2),
('S0354', 1, 0),
('S0355', 0, 2),
('S0356', 5, 7),
('S0357', 2, 3),
('S0358', 1, 4),
('S0359', 7, 1),
('S0360', 2, 4),
('S0361', 3, 1),
('S0362', 4, 0),
('S0363', 12, 0),
('S0364', 2, 1),
('S0365', 5, 3),
('S0366', 2, 6),
('S0367', 2, 3),
('S0368', 11, 1),
('S0369', 8, 3),
('S0370', 6, 0),
('S0371', 6, 0),
('S0372', 2, 6),
('S0373', 1, 5),
('S0374', 0, 1),
('S0375', 0, 1),
('S0376', 8, 1),
('S0377', 2, 1),
('S0378', 4, 2),
('S0379', 1, 0),
('S0380', 11, 0),
('S0381', 9, 0),
('S0382', 0, 9),
('S0383', 8, 0),
('S0384', 9, 1),
('S0385', 2, 0),
('S0386', 1, 5),
('S0387', 9, 8),
('S0388', 1, 5),
('S0389', 2, 0),
('S0390', 1, 2),
('S0391', 1, 7),
('S0392', 7, 0),
('S0393', 1, 2),
('S0394', 3, 0),
('S0395', 8, 0),
('S0396', 8, 5),
('S0397', 2, 6),
('S0398', 8, 0),
('S0399', 2, 0),
('S0400', 0, 3),
('S0401', 1, 5),
('S0402', 0, 4),
('S0403', 3, 6),
('S0404', 2, 1),
('S0405', 1, 3),
('S0406', 0, 3),
('S0407', 2, 1),
('S0408', 2, 3),
('S0409', 1, 3),
('S0410', 5, 4),
('S0411', 3, 2),
('S0412', 3, 0),
('S0413', 4, 3),
('S0414', 5, 1),
('S0415', 0, 5),
('S0416', 0, 7),
('S0417', 1, 2),
('S0418', 6, 2),
('S0419', 4, 0),
('S0420', 0, 5),
('S0421', 0, 4),
('S0422', 4, 1),
('S0423', 2, 10),
('S0424', 0, 1),
('S0425', 4, 6),
('S0426', 1, 3),
('S0427', 5, 0),
('S0428', 3, 0),
('S0429', 9, 0),
('S0430', 0, 6),
('S0431', 1, 4),
('S0432', 6, 0),
('S0433', 0, 1),
('S0434', 3, 5),
('S0435', 2, 7),
('S0436', 0, 2),
('S0437', 0, 5),
('S0438', 1, 0),
('S0439', 2, 6),
('S0440', 9, 6),
('S0441', 1, 2),
('S0442', 15, 0),
('S0443', 6, 4),
('S0444', 6, 0),
('S0445', 8, 0),
('S0446', 9, 0),
('S0447', 10, 2),
('S0448', 4, 1),
('S0449', 2, 0),
('S0450', 0, 1),
('S0451', 6, 3),
('S0452', 10, 3),
('S0453', 14, 4),
('S0454', 3, 1),
('S0455', 3, 1),
('S0456', 3, 8),
('S0457', 1, 3),
('S0458', 5, 4),
('S0459', 1, 0),
('S0460', 2, 1),
('S0461', 1, 6),
('S0462', 3, 11),
('S0463', 5, 3),
('S0464', 10, 4),
('S0465', 0, 5),
('S0466', 0, 7),
('S0467', 0, 2),
('S0468', 0, 1),
('S0469', 7, 2),
('S0470', 0, 5),
('S0471', 5, 4),
('S0472', 0, 5),
('S0473', 0, 2),
('S0474', 1, 2),
('S0475', 1, 0),
('S0476', 5, 3),
('S0477', 5, 1),
('S0478', 2, 3),
('S0479', 0, 2),
('S0480', 11, 1),
('S0481', 10, 1),
('S0482', 5, 1),
('S0483', 2, 0),
('S0484', 3, 0),
('S0485', 7, 0),
('S0486', 2, 3),
('S0487', 2, 1),
('S0488', 9, 0),
('S0489', 9, 0),
('S0490', 5, 1),
('S0491', 3, 2),
('S0492', 1, 3),
('S0493', 0, 1),
('S0494', 2, 3),
('S0495', 7, 3),
('S0496', 1, 0),
('S0497', 4, 5),
('S0498', 3, 5),
('S0499', 2, 1),
('S0500', 3, 2),
('S0501', 1, 6),
('S0502', 3, 2),
('S0503', 9, 1),
('S0504', 1, 7),
('S0505', 1, 3),
('S0506', 1, 3),
('S0507', 3, 0),
('S0508', 2, 6),
('S0509', 5, 3),
('S0510', 1, 8),
('S0511', 9, 5),
('S0512', 5, 8),
('S0513', 1, 4),
('S0514', 8, 0),
('S0515', 4, 1),
('S0516', 2, 1),
('S0517', 6, 2),
('S0518', 3, 0),
('S0519', 8, 0),
('S0520', 2, 0),
('S0521', 5, 0),
('S0522', 10, 1),
('S0523', 6, 5),
('S0524', 5, 6),
('S0525', 6, 4),
('S0526', 1, 4),
('S0527', 4, 8),
('S0528', 6, 3),
('S0529', 12, 0),
('S0530', 9, 1),
('S0531', 5, 0),
('S0532', 4, 6),
('S0533', 5, 2),
('S0534', 1, 4),
('S0535', 0, 9),
('S0536', 1, 5),
('S0537', 1, 0),
('S0538', 0, 2),
('S0539', 0, 2),
('S0540', 1, 2),
('S0541', 4, 5),
('S0542', 0, 6),
('S0543', 9, 0),
('S0544', 13, 0),
('S0545', 2, 0),
('S0546', 8, 0),
('S0547', 8, 0),
('S0548', 0, 5),
('S0549', 4, 3),
('S0550', 1, 6),
('S0551', 3, 5),
('S0552', 1, 4),
('S0553', 1, 0),
('S0554', 0, 3),
('S0555', 5, 8),
('S0556', 0, 3),
('S0557', 2, 0),
('S0558', 4, 5),
('S0559', 1, 0),
('S0560', 11, 5),
('S0561', 1, 2),
('S0562', 1, 4),
('S0563', 1, 0),
('S0564', 1, 0),
('S0565', 5, 1),
('S0566', 0, 1),
('S0567', 5, 4),
('S0568', 3, 4),
('S0569', 5, 4),
('S0570', 5, 6),
('S0571', 7, 4),
('S0572', 3, 2),
('S0573', 1, 11),
('S0574', 11, 2),
('S0575', 8, 0),
('S0576', 3, 2),
('S0577', 5, 2),
('S0578', 6, 3),
('S0579', 9, 1),
('S0580', 2, 4),
('S0581', 0, 6),
('S0582', 0, 8),
('S0583', 4, 7),
('S0584', 8, 1),
('S0585', 8, 0),
('S0586', 6, 5),
('S0587', 6, 0),
('S0588', 8, 0),
('S0589', 14, 0),
('S0590', 3, 7),
('S0591', 2, 7),
('S0592', 1, 5),
('S0593', 4, 1),
('S0594', 1, 2),
('S0595', 6, 9),
('S0596', 1, 6),
('S0597', 1, 2),
('S0598', 5, 0),
('S0599', 3, 1),
('S0600', 2, 4),
('S0601', 7, 4),
('S0602', 1, 8),
('S0603', 3, 2),
('S0604', 6, 5),
('S0605', 1, 3),
('S0606', 3, 2),
('S0607', 0, 4),
('S0608', 2, 7),
('S0609', 0, 6),
('S0610', 3, 4),
('S0611', 1, 4),
('S0612', 7, 2),
('S0613', 8, 1),
('S0614', 3, 2),
('S0615', 4, 2),
('S0616', 5, 1),
('S0617', 0, 6),
('S0618', 12, 3),
('S0619', 4, 1),
('S0620', 0, 1),
('S0621', 1, 8),
('S0622', 15, 1),
('S0623', 8, 3),
('S0624', 11, 1),
('S0625', 4, 5),
('S0626', 1, 11),
('S0627', 5, 4),
('S0628', 2, 5),
('S0629', 1, 3),
('S0630', 8, 0),
('S0631', 3, 7),
('S0632', 4, 3),
('S0633', 3, 0),
('S0634', 2, 0),
('S0635', 2, 0),
('S0636', 4, 1),
('S0637', 5, 4),
('S0638', 9, 8),
('S0639', 6, 4),
('S0640', 3, 1),
('S0641', 0, 3),
('S0642', 4, 3),
('S0643', 13, 12),
('S0644', 3, 0),
('S0645', 17, 1),
('S0646', 1, 0),
('S0647', 8, 0),
('S0648', 2, 0),
('S0649', 2, 4),
('S0650', 3, 4),
('S0651', 3, 0),
('S0652', 7, 4),
('S0653', 0, 1),
('S0654', 2, 1),
('S0655', 2, 0),
('S0656', 2, 5),
('S0657', 4, 1),
('S0658', 1, 2),
('S0659', 1, 5),
('S0660', 2, 3),
('S0661', 1, 3),
('S0662', 5, 3),
('S0663', 6, 7),
('S0664', 7, 0),
('S0665', 0, 7),
('S0666', 2, 3),
('S0667', 6, 0),
('S0668', 4, 5),
('S0669', 3, 2),
('S0670', 8, 0),
('S0671', 3, 4),
('S0672', 12, 3),
('S0673', 1, 0),
('S0674', 5, 1),
('S0675', 8, 0),
('S0676', 5, 2),
('S0677', 5, 7),
('S0678', 7, 1),
('S0679', 4, 0),
('S0680', 4, 5),
('S0681', 6, 1),
('S0682', 2, 0),
('S0683', 1, 8),
('S0684', 2, 1),
('S0685', 3, 8),
('S0686', 4, 7),
('S0687', 4, 3),
('S0688', 4, 3),
('S0689', 1, 2),
('S0690', 0, 7),
('S0691', 8, 3),
('S0692', 3, 0),
('S0693', 6, 0),
('S0694', 10, 2),
('S0695', 4, 3),
('S0696', 9, 1),
('S0697', 7, 0),
('S0698', 2, 3),
('S0699', 0, 1),
('S0700', 0, 8),
('S0701', 0, 1),
('S0702', 2, 6),
('S0703', 1, 2),
('S0704', 1, 0),
('S0705', 2, 0),
('S0706', 2, 1),
('S0707', 2, 9),
('S0708', 0, 8),
('S0709', 3, 2),
('S0710', 4, 2),
('S0711', 1, 5),
('S0712', 8, 4),
('S0713', 1, 10),
('S0714', 0, 1),
('S0715', 2, 4),
('S0716', 3, 8),
('S0717', 0, 8),
('S0718', 7, 1),
('S0719', 8, 7),
('S0720', 0, 7),
('S0721', 2, 10),
('S0722', 1, 2),
('S0723', 0, 1),
('S0724', 4, 3),
('S0725', 7, 6),
('S0726', 2, 7),
('S0727', 2, 3),
('S0728', 2, 0),
('S0729', 0, 4),
('S0730', 11, 1),
('S0731', 3, 2),
('S0732', 7, 3),
('S0733', 7, 3),
('S0734', 0, 5),
('S0735', 5, 2),
('S0736', 5, 0),
('S0737', 8, 4),
('S0738', 5, 4),
('S0739', 5, 6),
('S0740', 4, 1),
('S0741', 0, 3),
('S0742', 9, 1),
('S0743', 1, 4),
('S0744', 5, 1),
('S0745', 3, 6),
('S0746', 9, 1),
('S0747', 11, 4),
('S0748', 8, 0),
('S0749', 5, 1),
('S0750', 2, 1),
('S0751', 3, 0),
('S0752', 0, 2),
('S0753', 2, 3),
('S0754', 6, 2),
('S0755', 0, 3),
('S0756', 1, 2),
('S0757', 2, 5),
('S0758', 8, 0),
('S0759', 8, 0),
('S0760', 8, 9),
('S0761', 1, 3),
('S0762', 0, 1),
('S0763', 0, 2),
('S0764', 10, 2),
('S0765', 3, 0),
('S0766', 9, 1),
('S0767', 11, 1),
('S0768', 8, 0),
('S0769', 9, 7),
('S0770', 0, 1),
('S0771', 3, 1),
('S0772', 1, 5),
('S0773', 0, 9),
('S0774', 0, 2),
('S0775', 1, 2),
('S0776', 4, 5),
('S0777', 2, 0),
('S0778', 4, 2),
('S0779', 5, 2),
('S0780', 2, 1),
('S0781', 0, 4),
('S0782', 0, 2),
('S0783', 2, 0),
('S0784', 1, 0),
('S0785', 1, 0),
('S0786', 2, 1),
('S0787', 4, 3),
('S0788', 9, 0),
('S0789', 7, 5),
('S0790', 4, 1),
('S0791', 3, 2),
('S0792', 0, 2),
('S0793', 0, 1),
('S0794', 3, 2),
('S0795', 3, 5),
('S0796', 1, 3),
('S0797', 7, 0),
('S0798', 1, 2),
('S0799', 7, 3),
('S0800', 5, 0),
('S0801', 3, 2),
('S0802', 4, 3),
('S0803', 1, 0),
('S0804', 4, 3),
('S0805', 6, 0),
('S0806', 3, 1),
('S0807', 13, 0),
('S0808', 3, 1),
('S0809', 3, 1),
('S0810', 2, 3),
('S0811', 4, 2),
('S0812', 1, 5),
('S0813', 0, 2),
('S0814', 1, 0),
('S0815', 7, 4),
('S0816', 0, 5),
('S0817', 7, 1),
('S0818', 5, 4),
('S0819', 10, 0),
('S0820', 1, 0),
('S0821', 2, 8),
('S0822', 2, 5),
('S0823', 3, 4),
('S0824', 0, 2),
('S0825', 9, 1),
('S0826', 1, 3),
('S0827', 0, 5),
('S0828', 7, 9),
('S0829', 0, 1),
('S0830', 2, 1),
('S0831', 3, 5),
('S0832', 11, 0),
('S0833', 4, 3),
('S0834', 16, 0),
('S0835', 3, 1),
('S0836', 1, 2),
('S0837', 4, 3),
('S0838', 4, 6),
('S0839', 0, 2),
('S0840', 5, 6),
('S0841', 5, 0),
('S0842', 3, 7),
('S0843', 3, 5),
('S0844', 1, 0),
('S0845', 5, 4),
('S0846', 6, 0),
('S0847', 4, 1),
('S0848', 4, 1),
('S0849', 4, 3),
('S0850', 1, 0),
('S0851', 6, 0),
('S0852', 5, 0),
('S0853', 1, 0),
('S0854', 13, 0),
('S0855', 7, 0),
('S0856', 3, 2),
('S0857', 3, 2),
('S0858', 2, 0),
('S0859', 1, 19),
('S0860', 1, 9),
('S0861', 4, 3),
('S0862', 4, 1),
('S0863', 11, 0),
('S0864', 0, 1),
('S0865', 4, 6),
('S0866', 8, 0),
('S0867', 15, 0),
('S0868', 10, 5),
('S0869', 0, 9),
('S0870', 4, 1),
('S0871', 1, 3),
('S0872', 1, 9),
('S0873', 3, 4),
('S0874', 4, 1),
('S0875', 4, 3),
('S0876', 3, 1),
('S0877', 6, 3),
('S0878', 1, 6),
('S0879', 6, 9),
('S0880', 0, 5),
('S0881', 2, 3),
('S0882', 9, 0),
('S0883', 10, 0),
('S0884', 5, 0),
('S0885', 2, 1),
('S0886', 5, 0),
('S0887', 2, 1),
('S0888', 3, 1),
('S0889', 10, 2),
('S0890', 2, 1),
('S0891', 6, 16),
('S0892', 1, 4),
('S0893', 7, 3),
('S0894', 5, 3),
('S0895', 4, 5),
('S0896', 4, 3),
('S0897', 7, 3),
('S0898', 10, 2),
('S0899', 7, 3),
('S0900', 10, 6),
('S0901', 17, 7),
('S0902', 12, 8),
('S0903', 3, 11),
('S0904', 1, 6),
('S0905', 4, 2),
('S0906', 3, 1),
('S0907', 6, 5),
('S0908', 8, 0),
('S0909', 0, 5),
('S0910', 5, 7),
('S0911', 1, 5),
('S0912', 2, 5),
('S0913', 4, 3),
('S0914', 0, 8),
('S0915', 10, 9),
('S0916', 6, 0),
('S0917', 6, 8),
('S0918', 10, 1),
('S0919', 3, 2),
('S0920', 2, 3),
('S0921', 9, 0),
('S0922', 7, 3),
('S0923', 0, 4),
('S0924', 11, 0),
('S0925', 12, 3),
('S0926', 7, 9),
('S0927', 5, 4),
('S0928', 1, 13),
('S0929', 9, 14),
('S0930', 10, 2)
INSERT INTO Score VALUES
('S0931', 3, 8),
('S0932', 4, 3),
('S0933', 8, 6),
('S0934', 4, 5),
('S0935', 14, 5),
('S0936', 14, 6),
('S0937', 13, 5),
('S0938', 3, 11),
('S0939', 20, 0),
('S0940', 13, 0),
('S0941', 4, 9),
('S0942', 5, 3),
('S0943', 18, 1),
('S0944', 16, 8),
('S0945', 2, 10),
('S0946', 3, 4),
('S0947', 1, 13),
('S0948', 1, 8),
('S0949', 9, 4),
('S0950', 9, 1),
('S0951', 1, 8),
('S0952', 2, 1),
('S0953', 0, 4),
('S0954', 1, 7),
('S0955', 3, 5),
('S0956', 9, 10),
('S0957', 0, 1),
('S0958', 0, 8),
('S0959', 3, 4),
('S0960', 2, 6),
('S0961', 3, 2),
('S0962', 6, 1),
('S0963', 3, 4),
('S0964', 4, 0),
('S0965', 6, 5),
('S0966', 9, 6),
('S0967', 6, 5),
('S0968', 3, 1),
('S0969', 9, 7),
('S0970', 0, 4),
('S0971', 5, 8),
('S0972', 3, 16),
('S0973', 0, 8),
('S0974', 2, 4),
('S0975', 4, 2),
('S0976', 0, 4),
('S0977', 10, 2),
('S0978', 4, 8),
('S0979', 0, 16),
('S0980', 0, 4),
('S0981', 9, 14),
('S0982', 5, 6),
('S0983', 2, 10),
('S0984', 6, 14),
('S0985', 5, 7),
('S0986', 4, 7),
('S0987', 1, 4),
('S0988', 6, 7),
('S0989', 15, 0),
('S0990', 10, 4),
('S0991', 2, 6),
('S0992', 0, 1),
('S0993', 1, 2),
('S0994', 5, 11),
('S0995', 1, 3),
('S0996', 1, 4),
('S0997', 5, 11),
('S0998', 12, 11),
('S0999', 3, 12),
('S1000', 0, 9),
('S1001', 5, 8),
('S1002', 1, 9),
('S1003', 2, 10),
('S1004', 8, 0),
('S1005', 7, 6),
('S1006', 7, 5),
('S1007', 1, 6),
('S1008', 8, 4),
('S1009', 2, 8),
('S1010', 1, 2),
('S1011', 4, 9),
('S1012', 7, 6),
('S1013', 5, 10),
('S1014', 0, 3),
('S1015', 6, 8),
('S1016', 8, 1),
('S1017', 0, 11),
('S1018', 2, 1),
('S1019', 3, 1),
('S1020', 4, 3),
('S1021', 18, 8),
('S1022', 5, 8),
('S1023', 6, 0),
('S1024', 3, 1),
('S1025', 5, 6),
('S1026', 4, 3),
('S1027', 3, 7),
('S1028', 8, 14),
('S1029', 4, 5),
('S1030', 6, 3),
('S1031', 8, 11),
('S1032', 21, 8),
('S1033', 15, 14),
('S1034', 4, 8),
('S1035', 19, 0),
('S1036', 5, 10),
('S1037', 8, 2),
('S1038', 9, 1),
('S1039', 14, 0),
('S1040', 10, 7),
('S1041', 0, 8),
('S1042', 2, 10),
('S1043', 0, 1),
('S1044', 3, 4),
('S1045', 6, 5),
('S1046', 4, 7),
('S1047', 2, 6),
('S1048', 1, 5),
('S1049', 4, 3),
('S1050', 10, 0),
('S1051', 6, 8),
('S1052', 11, 10),
('S1053', 6, 18),
('S1054', 5, 9),
('S1055', 8, 6),
('S1056', 7, 6),
('S1057', 5, 3),
('S1058', 6, 10),
('S1059', 6, 5),
('S1060', 4, 0),
('S1061', 18, 3),
('S1062', 5, 6),
('S1063', 3, 11),
('S1064', 2, 3),
('S1065', 2, 5),
('S1066', 2, 1),
('S1067', 0, 1),
('S1068', 6, 8),
('S1069', 5, 2),
('S1070', 6, 7),
('S1071', 10, 11),
('S1072', 0, 1),
('S1073', 5, 10),
('S1074', 3, 9),
('S1075', 9, 4),
('S1076', 1, 9),
('S1077', 3, 2),
('S1078', 4, 7),
('S1079', 1, 4),
('S1080', 2, 4),
('S1081', 5, 4),
('S1082', 8, 7),
('S1083', 7, 9),
('S1084', 4, 5),
('S1085', 3, 4),
('S1086', 3, 8),
('S1087', 1, 12),
('S1088', 10, 8),
('S1089', 4, 5),
('S1090', 6, 5),
('S1091', 1, 7),
('S1092', 1, 9),
('S1093', 0, 16),
('S1094', 0, 8),
('S1095', 3, 12),
('S1096', 10, 2),
('S1097', 9, 8),
('S1098', 0, 10),
('S1099', 1, 11),
('S1100', 0, 9),
('S1101', 2, 11),
('S1102', 7, 4),
('S1103', 2, 14),
('S1104', 4, 26),
('S1105', 1, 10),
('S1106', 2, 12),
('S1107', 3, 4),
('S1108', 4, 13),
('S1109', 2, 11),
('S1110', 0, 11),
('S1111', 2, 7),
('S1112', 6, 9),
('S1113', 0, 4),
('S1114', 3, 5),
('S1115', 0, 4),
('S1116', 3, 6),
('S1117', 6, 3),
('S1118', 3, 7),
('S1119', 2, 11),
('S1120', 8, 0),
('S1121', 13, 9),
('S1122', 4, 10),
('S1123', 0, 5),
('S1124', 5, 4),
('S1125', 7, 9),
('S1126', 3, 0),
('S1127', 2, 4),
('S1128', 6, 3),
('S1129', 2, 3),
('S1130', 5, 14),
('S1131', 3, 6),
('S1132', 5, 5),
('S1133', 0, 3),
('S1134', 1, 6),
('S1135', 4, 2),
('S1136', 1, 5),
('S1137', 1, 2),
('S1138', 0, 5),
('S1139', 1, 2),
('S1140', 4, 8),
('S1141', 0, 8),
('S1142', 0, 3),
('S1143', 1, 5),
('S1144', 2, 1),
('S1145', 3, 4),
('S1146', 3, 11),
('S1147', 0, 2),
('S1148', 2, 6),
('S1149', 2, 3),
('S1150', 2, 10),
('S1151', 0, 2),
('S1152', 9, 8),
('S1153', 4, 11),
('S1154', 5, 6),
('S1155', 5, 4),
('S1156', 2, 13),
('S1157', 2, 6),
('S1158', 6, 10),
('S1159', 0, 22),
('S1160', 0, 14),
('S1161', 3, 10),
('S1162', 2, 1),
('S1163', 5, 7),
('S1164', 4, 3),
('S1165', 3, 4),
('S1166', 3, 0),
('S1167', 4, 5),
('S1168', 2, 10),
('S1169', 6, 3),
('S1170', 2, 8),
('S1171', 2, 6),
('S1172', 3, 8),
('S1173', 3, 5),
('S1174', 0, 5),
('S1175', 1, 12),
('S1176', 0, 8),
('S1177', 3, 4),
('S1178', 3, 4),
('S1179', 5, 4),
('S1180', 4, 1),
('S1181', 3, 2),
('S1182', 2, 7),
('S1183', 0, 12),
('S1184', 1, 4),
('S1185', 7, 6),
('S1186', 0, 11),
('S1187', 1, 7),
('S1188', 2, 20),
('S1189', 3, 5),
('S1190', 7, 8),
('S1191', 1, 10),
('S1192', 3, 9),
('S1193', 1, 9),
('S1194', 2, 1),
('S1195', 5, 2),
('S1196', 1, 0),
('S1197', 9, 5),
('S1198', 2, 0),
('S1199', 5, 1),
('S1200', 0, 2),
('S1201', 1, 4),
('S1202', 1, 2),
('S1203', 0, 2),
('S1204', 0, 6),
('S1205', 1, 12),
('S1206', 0, 8),
('S1207', 4, 7),
('S1208', 5, 6),
('S1209', 12, 15),
('S1210', 2, 1),
('S1211', 2, 1),
('S1212', 5, 13),
('S1213', 5, 9),
('S1214', 2, 5),
('S1215', 3, 8),
('S1216', 8, 0),
('S1217', 4, 3),
('S1218', 5, 3),
('S1219', 8, 7),
('S1220', 0, 1),
('S1221', 0, 3),
('S1222', 7, 4),
('S1223', 1, 7),
('S1224', 0, 10),
('S1225', 0, 5),
('S1226', 1, 5),
('S1227', 1, 7),
('S1228', 2, 6),
('S1229', 4, 2),
('S1230', 0, 10),
('S1231', 3, 2),
('S1232', 9, 2),
('S1233', 5, 6),
('S1234', 2, 5),
('S1235', 4, 2),
('S1236', 4, 12),
('S1237', 0, 8),
('S1238', 4, 3),
('S1239', 1, 10),
('S1240', 1, 6),
('S1241', 0, 8),
('S1242', 3, 12),
('S1243', 11, 9),
('S1244', 7, 8),
('S1245', 3, 11),
('S1246', 5, 6),
('S1247', 5, 19),
('S1248', 3, 5),
('S1249', 6, 3),
('S1250', 3, 2),
('S1251', 2, 11),
('S1252', 0, 14),
('S1253', 1, 9),
('S1254', 6, 3),
('S1255', 2, 1),
('S1256', 5, 11),
('S1257', 3, 2),
('S1258', 1, 10),
('S1259', 3, 15),
('S1260', 1, 12),
('S1261', 3, 9),
('S1262', 5, 4),
('S1263', 8, 13),
('S1264', 12, 9),
('S1265', 6, 4),
('S1266', 1, 4),
('S1267', 6, 7),
('S1268', 5, 6),
('S1269', 3, 4),
('S1270', 1, 10),
('S1271', 8, 3),
('S1272', 2, 7),
('S1273', 8, 0),
('S1274', 9, 2),
('S1275', 17, 9),
('S1276', 5, 0),
('S1277', 5, 4),
('S1278', 2, 3),
('S1279', 6, 5),
('S1280', 1, 7),
('S1281', 0, 8),
('S1282', 2, 16),
('S1283', 3, 0),
('S1284', 1, 5),
('S1285', 2, 21),
('S1286', 1, 5),
('S1287', 1, 0),
('S1288', 5, 3),
('S1289', 9, 2),
('S1290', 4, 2),
('S1291', 6, 7),
('S1292', 1, 2),
('S1293', 5, 8),
('S1294', 10, 9),
('S1295', 11, 3),
('S1296', 3, 2),
('S1297', 3, 2),
('S1298', 0, 17),
('S1299', 3, 1),
('S1300', 0, 4),
('S1301', 5, 0),
('S1302', 0, 8),
('S1303', 5, 4),
('S1304', 2, 4),
('S1305', 0, 2),
('S1306', 1, 5),
('S1307', 0, 8),
('S1308', 5, 7),
('S1309', 3, 2),
('S1310', 0, 2),
('S1311', 3, 1),
('S1312', 5, 0),
('S1313', 2, 3),
('S1314', 0, 1),
('S1315', 3, 2),
('S1316', 3, 4),
('S1317', 0, 2),
('S1318', 9, 1),
('S1319', 6, 1),
('S1320', 5, 4),
('S1321', 1, 2),
('S1322', 2, 1),
('S1323', 1, 2),
('S1324', 3, 4),
('S1325', 4, 8),
('S1326', 0, 8),
('S1327', 0, 9),
('S1328', 4, 3),
('S1329', 3, 10),
('S1330', 4, 9),
('S1331', 0, 5),
('S1332', 8, 2),
('S1333', 3, 13),
('S1334', 1, 9),
('S1335', 1, 0),
('S1336', 11, 1),
('S1337', 0, 1),
('S1338', 5, 4),
('S1339', 4, 1),
('S1340', 1, 2),
('S1341', 8, 1),
('S1342', 1, 3),
('S1343', 5, 0),
('S1344', 6, 2),
('S1345', 4, 1),
('S1346', 0, 1),
('S1347', 2, 1),
('S1348', 0, 6),
('S1349', 7, 8),
('S1350', 11, 3),
('S1351', 8, 0),
('S1352', 2, 3),
('S1353', 4, 5),
('S1354', 2, 5),
('S1355', 5, 2),
('S1356', 8, 0),
('S1357', 5, 2),
('S1358', 0, 1),
('S1359', 10, 2),
('S1360', 8, 5),
('S1361', 10, 2),
('S1362', 6, 2),
('S1363', 12, 5),
('S1364', 0, 9),
('S1365', 5, 1),
('S1366', 3, 5),
('S1367', 2, 9),
('S1368', 0, 7),
('S1369', 7, 2),
('S1370', 8, 0),
('S1371', 1, 2),
('S1372', 7, 1),
('S1373', 1, 13),
('S1374', 6, 1),
('S1375', 4, 3),
('S1376', 1, 0),
('S1377', 14, 4),
('S1378', 11, 4),
('S1379', 7, 3),
('S1380', 2, 3),
('S1381', 5, 3),
('S1382', 0, 6),
('S1383', 5, 8),
('S1384', 1, 2),
('S1385', 8, 3),
('S1386', 6, 4),
('S1387', 2, 5),
('S1388', 9, 0),
('S1389', 2, 1),
('S1390', 10, 7),
('S1391', 6, 1),
('S1392', 3, 8),
('S1393', 1, 2),
('S1394', 2, 6),
('S1395', 5, 6),
('S1396', 5, 3),
('S1397', 2, 1),
('S1398', 7, 8),
('S1399', 2, 10),
('S1400', 7, 8),
('S1401', 6, 9),
('S1402', 6, 8),
('S1403', 1, 2),
('S1404', 20, 2),
('S1405', 12, 4),
('S1406', 3, 4),
('S1407', 17, 2),
('S1408', 15, 2),
('S1409', 9, 3),
('S1410', 6, 5),
('S1411', 0, 6),
('S1412', 1, 11),
('S1413', 5, 9),
('S1414', 1, 9),
('S1415', 3, 7),
('S1416', 3, 8),
('S1417', 2, 4),
('S1418', 1, 8),
('S1419', 8, 15),
('S1420', 2, 5),
('S1421', 18, 6),
('S1422', 0, 9),
('S1423', 15, 14),
('S1424', 11, 1),
('S1425', 0, 8),
('S1426', 0, 11),
('S1427', 0, 8),
('S1428', 2, 0),
('S1429', 3, 11),
('S1430', 0, 9),
('S1431', 2, 13),
('S1432', 0, 11),
('S1433', 1, 16),
('S1434', 0, 15),
('S1435', 3, 18),
('S1436', 9, 7),
('S1437', 14, 4),
('S1438', 15, 9),
('S1439', 11, 3),
('S1440', 7, 6),
('S1441', 5, 6),
('S1442', 1, 12),
('S1443', 0, 8),
('S1444', 0, 15),
('S1445', 0, 10),
('S1446', 1, 9),
('S1447', 0, 12)


--Opponent table
INSERT INTO Opponent VALUES
( 'O0001', '#22 Michigan'),
( 'O0002', 'Akron'),
( 'O0003', 'Alabama'),
( 'O0004', 'Anne Arundel CC'),
( 'O0005', 'Arizona'),
( 'O0006', 'Arizona State'),
( 'O0007', 'Arkansas'),
( 'O0008', 'Army'),
( 'O0009', 'Auburn'),
( 'O0010', 'Ball State'),
( 'O0011', 'Ball State (Georgia Softball Classic)'),
( 'O0012', 'Barton'),
( 'O0013', 'Bethune Cookman'),
( 'O0014', 'Bethune-Cookman'),
( 'O0015', 'BINGHAMTON'),
( 'O0016', 'BINGHAMTON (MARYLAND INVITATIONAL)'),
( 'O0017', 'Boise State'),
( 'O0018', 'Boston'),
( 'O0019', 'Boston College'),
( 'O0020', 'Boston College (Maryland Invitational)'),
( 'O0021', 'Boston College (Univ. of Georgia Tournament)'),
( 'O0022', 'Boston University'),
( 'O0023', 'Bowie State'),
( 'O0024', 'Bowling Green'),
( 'O0025', 'Bradley'),
( 'O0026', 'Brigham Young'),
( 'O0027', 'Brown'),
( 'O0028', 'Brown (Maryland Invitational)'),
( 'O0029', 'Bryant'),
( 'O0030', 'Bryant University'),
( 'O0031', 'Bucknell'),
( 'O0032', 'Bucknell University'),
( 'O0033', 'Buffalo'),
( 'O0034', 'Butler'),
( 'O0035', 'BYU'),
( 'O0036', 'Cal'),
( 'O0037', 'Cal Poly'),
( 'O0038', 'Cal St Fullerton'),
( 'O0039', 'California'),
( 'O0040', 'Campbell'),
( 'O0041', 'Canisius'),
( 'O0042', 'Centenary College'),
( 'O0043', 'CENTRAL CONNECTICUT STATE'),
( 'O0044', 'Central Michigan'),
( 'O0045', 'Charleston'),
( 'O0046', 'Charleston Southern'),
( 'O0047', 'Charlotte'),
( 'O0048', 'Chattanooga'),
( 'O0049', 'Clemson'),
( 'O0050', 'Cleveland State'),
( 'O0051', 'Coastal Carolina'),
( 'O0052', 'Colorado State'),
( 'O0053', 'Columbia'),
( 'O0054', 'COLUMBIA (MARYLAND INVITATIONAL CHAMPIONSHIP)'),
( 'O0055', 'COLUMBIA (MARYLAND INVITATIONAL)'),
( 'O0056', 'Columbia (Terrapin Invitational)'),
( 'O0057', 'Connecticut'),
( 'O0058', 'Coppin State'),
( 'O0059', 'Cornell'),
( 'O0060', 'Dartmouth'),
( 'O0061', 'Delaware'),
( 'O0062', 'DELAWARE (Game One)'),
( 'O0063', 'DELAWARE (Game Two)'),
( 'O0064', 'Delaware State'),
( 'O0065', 'DELAWARE STATE (Game One)'),
( 'O0066', 'DELAWARE STATE (Game Two)'),
( 'O0067', 'Delaware State (Terrapin Invitational)'),
( 'O0068', 'DePaul'),
( 'O0069', 'Drake'),
( 'O0070', 'Drexel'),
( 'O0071', 'Drexel (Univ. of Georgia Tournament)'),
( 'O0072', 'East Carolina'),
( 'O0073', 'Eastern Illinois'),
( 'O0074', 'Eastern Michigan'),
( 'O0075', 'Elon'),
( 'O0076', 'Evansville'),
( 'O0077', 'Fairfield'),
( 'O0078', 'FAU'),
( 'O0079', 'FIU'),
( 'O0080', 'Florida'),
( 'O0081', 'Florida A&M'),
( 'O0082', 'Florida Atlantic'),
( 'O0083', 'Florida Atlantic (Speedline Invitational)'),
( 'O0084', 'Florida Gulf Coast'),
( 'O0085', 'Florida International'),
( 'O0086', 'Florida International (Golden Panthers adidas Tournament)'),
( 'O0087', 'Florida International University'),
( 'O0088', 'Florida State'),
( 'O0089', 'FLORIDA STATE (ACC TOURNAMENT)'),
( 'O0090', 'Fordham'),
( 'O0091', 'Fresno State'),
( 'O0092', 'Furman'),
( 'O0093', 'Gardner-Webb'),
( 'O0094', 'George Mason'),
( 'O0095', 'GEORGE MASON (Game One)'),
( 'O0096', 'GEORGE MASON (Game Two)'),
( 'O0097', 'George Washington'),
( 'O0098', 'Georgetown'),
( 'O0099', 'Georgia'),
( 'O0100', 'Georgia (Georgia Softball Classic)'),
( 'O0101', 'Georgia (Univ. of Georgia Tournament)'),
( 'O0102', 'Georgia Southern'),
( 'O0103', 'Georgia St'),
( 'O0104', 'Georgia State'),
( 'O0105', 'Georgia State (FSU Invitational)'),
( 'O0106', 'Georgia Tech'),
( 'O0107', 'Georgia Tech (ACC Championship)'),
( 'O0108', 'Georgia Tech (Buzz Classic)'),
( 'O0109', 'GEORGIA TECH* (Game One)'),
( 'O0110', 'GEORGIA TECH* (Game Two)'),
( 'O0111', 'Goldey-Beacom'),
( 'O0112', 'HAMPTON'),
( 'O0113', 'Harvard'),
( 'O0114', 'Hawai''i'),
( 'O0115', 'Hofstra'),
( 'O0116', 'Hofstra (Maryland Invitational)'),
( 'O0117', 'Hofstra (USF Best Western-All Suites Hotels Tournament)'),
( 'O0118', 'Houston'),
( 'O0119', 'Howard'),
( 'O0120', 'Ilinois'),
( 'O0121', 'Illinois'),
( 'O0122', 'Illinois State'),
( 'O0123', 'Illinois-Chicago'),
( 'O0124', 'Indiana'),
( 'O0125', 'Indiana (USF-Best Western Tournament)'),
( 'O0126', 'Iona'),
( 'O0127', 'Iowa'),
( 'O0128', 'Iowa State'),
( 'O0129', 'IUPUI'),
( 'O0130', 'Jacksonville'),
( 'O0131', 'James Madison'),
( 'O0132', 'Kansas'),
( 'O0133', 'Kent State'),
( 'O0134', 'Kentucky'),
( 'O0135', 'La Salle'),
( 'O0136', 'Lafayette'),
( 'O0137', 'Lamar'),
( 'O0138', 'Lehigh'),
( 'O0139', 'Liberty'),
( 'O0140', 'Lipscomb'),
( 'O0141', 'LIU'),
( 'O0142', 'LIU Brooklyn'),
( 'O0143', 'Long Beach State'),
( 'O0144', 'Long Island'),
( 'O0145', 'LONGWOOD'),
( 'O0146', 'Louisiana-Lafayette'),
( 'O0147', 'Louisville'),
( 'O0148', 'Loyola Marymount'),
( 'O0149', 'Manhattan'),
( 'O0150', 'Marshall'),
( 'O0151', 'MARYLAND EASTERN SHORE (Game One)'),
( 'O0152', 'MARYLAND EASTERN SHORE (Game Two)'),
( 'O0153', 'Maryland-Eastern Shore'),
( 'O0154', 'Maryland-Eastern Shore (Maryland Invitational)'),
( 'O0155', 'Massachusetts'),
( 'O0156', 'Mercer'),
( 'O0157', 'Miami (OH)'),
( 'O0158', 'Miami OH'),
( 'O0159', 'Michigan'),
( 'O0160', 'Michigan (FSU Invitational)'),
( 'O0161', 'Michigan St'),
( 'O0162', 'Michigan St (Speedline Invitational)'),
( 'O0163', 'Michigan State'),
( 'O0164', 'Michigan State (Golden Panthers adidas Tournament)'),
( 'O0165', 'Middle Tennessee'),
( 'O0166', 'Minnesota'),
( 'O0167', 'Mississippi'),
( 'O0168', 'Mississippi State'),
( 'O0169', 'Missouri'),
( 'O0170', 'Monmouth'),
( 'O0171', 'Monmouth Ill'),
( 'O0172', 'Morgan St'),
( 'O0173', 'Morgan State'),
( 'O0174', 'Mount Olive'),
( 'O0175', 'MOUNT SAINT MARY''S'),
( 'O0176', 'Mount St. Mary''s'),
( 'O0177', 'MOUNT ST. MARY''S (MARYLAND INVITATIONAL)'),
( 'O0178', 'Murray State'),
( 'O0179', 'NC STATE'),
( 'O0180', 'NC State (ACC Championship)'),
( 'O0181', 'NC STATE (ACC TOURNAMENT)'),
( 'O0182', 'Nebraska'),
( 'O0183', 'Nebraska-Omaha'),
( 'O0184', 'Nevada'),
( 'O0185', 'New Mexico State'),
( 'O0186', 'Niagara'),
( 'O0187', 'Nicholls State'),
( 'O0188', 'Norfolk State'),
( 'O0189', 'North Carolina'),
( 'O0190', 'North Carolina (ACC Championship)'),
( 'O0191', 'North Carolina (ACC Tournament)'),
( 'O0192', 'North Carolina (FSU Invitational)'),
( 'O0193', 'North Carolina A&T'),
( 'O0194', 'North Carolina State'),
( 'O0195', 'NORTH CAROLINA*'),
( 'O0196', 'NORTH CAROLINA* (Game One)'),
( 'O0197', 'NORTH CAROLINA* (Game Two)'),
( 'O0198', 'North Dakota'),
( 'O0199', 'North Dakota State'),
( 'O0200', 'North Dakota State University'),
( 'O0201', 'North Florida'),
( 'O0202', 'Northern Iowa'),
( 'O0203', 'Northwestern'),
( 'O0204', 'Northwestern State'),
( 'O0205', 'Notre Dame'),
( 'O0206', 'Notre Dame (FSU Invitational)'),
( 'O0207', 'OAKLAND'),
( 'O0208', 'Ohio'),
( 'O0209', 'Ohio St'),
( 'O0210', 'OHIO STATE'),
( 'O0211', 'Oklahoma'),
( 'O0212', 'Oklahoma St'),
( 'O0213', 'Oklahoma St (Speedline Invitational)'),
( 'O0214', 'Oklahoma State'),
( 'O0215', 'Oregon'),
( 'O0216', 'Oregon State'),
( 'O0217', 'Penn St'),
( 'O0218', 'PENN STATE'),
( 'O0219', 'Pittsburgh'),
( 'O0220', 'Pittsburgh (Terrapin Invitational)'),
( 'O0221', 'Portland State'),
( 'O0222', 'Princeton'),
( 'O0223', 'Providence'),
( 'O0224', 'Purdue'),
( 'O0225', 'Quinnipiac'),
( 'O0226', 'Radford'),
( 'O0227', 'Radford (USF-Best Western Tournament)'),
( 'O0228', 'Rhode Island'),
( 'O0229', 'Rhode Island (USF Best Western-All Suites Hotels Tournament)'),
( 'O0230', 'Robert Morris'),
( 'O0231', 'Rutgers'),
( 'O0232', 'Saint Francis'),
( 'O0233', 'Saint Francis (PA)'),
( 'O0234', 'Saint Joseph''s'),
( 'O0235', 'Saint Louis'),
( 'O0236', 'Saint Louis (FSU Invitational)'),
( 'O0237', 'Samford'),
( 'O0238', 'San Diego'),
( 'O0239', 'Seton Hall'),
( 'O0240', 'Seton Hall (USF-Best Western Tournament)'),
( 'O0241', 'Siena'),
( 'O0242', 'South Carolina'),
( 'O0243', 'South Florida'),
( 'O0244', 'South Florida (USF-Best Western Tournament)'),
( 'O0245', 'Southern Illinois'),
( 'O0246', 'Southern Utah'),
( 'O0247', 'Southwest Louisiana'),
( 'O0248', 'Southwest Missouri (Missouri State)'),
( 'O0249', 'St Francis Pa'),
( 'O0250', 'St Josephs Pa'),
( 'O0251', 'St. Francis'),
( 'O0252', 'St. John''s'),
( 'O0253', 'St. Joseph''s'),
( 'O0254', 'St. Peter''s'),
( 'O0255', 'Stanford'),
( 'O0256', 'Stephen F. Austin'),
( 'O0257', 'Stetson'),
( 'O0258', 'Stony Brook'),
( 'O0259', 'Stony Brook (Golden Panthers adidas Tournament)'),
( 'O0260', 'Sw Missouri St'),
( 'O0261', 'SW Missouri State'),
( 'O0262', 'Syracuse'),
( 'O0263', 'Temple'),
( 'O0264', 'Temple (USF Best Western-All Suites Hotels Tournament)'),
( 'O0265', 'Tenn Chattanooga (Speedline Invitational)'),
( 'O0266', 'Tennessee'),
( 'O0267', 'Tennessee Tech (Buzz Classic)'),
( 'O0268', 'Texas'),
( 'O0269', 'Texas A&M-Corpus Christi'),
( 'O0270', 'Texas Tech'),
( 'O0271', 'Toledo'),
( 'O0272', 'Towson'),
( 'O0273', 'TOWSON (Game One)'),
( 'O0274', 'TOWSON (Game Two)'),
( 'O0275', 'Trenton State (TCNJ)'),
( 'O0276', 'Troy'),
( 'O0277', 'Troy St'),
( 'O0278', 'Troy St (Buzz Classic)'),
( 'O0279', 'Troy St (FSU Invitational)'),
( 'O0280', 'Tulsa'),
( 'O0281', 'Tulsa (USF Best Western-All Suites Hotels Tournament)'),
( 'O0282', 'UAB'),
( 'O0283', 'UC Riverside'),
( 'O0284', 'UC Santa Barbara'),
( 'O0285', 'UCF'),
( 'O0286', 'UCLA'),
( 'O0287', 'UIC'),
( 'O0288', 'UIC (Speedline Invitational)'),
( 'O0289', 'UL-Monroe'),
( 'O0290', 'UMBC'),
( 'O0291', 'UMES'),
( 'O0292', 'UNC Charlotte'),
( 'O0293', 'UNC Greensboro'),
( 'O0294', 'UNC Wilmington'),
( 'O0295', 'UNC-Wilmington (Georgia Softball Classic)'),
( 'O0296', 'UNLV'),
( 'O0297', 'UT Martin'),
( 'O0298', 'Utah'),
( 'O0299', 'Utah State'),
( 'O0300', 'UT-Martin'),
( 'O0301', 'Valparaiso'),
( 'O0302', 'Vermont'),
( 'O0303', 'Villanova'),
( 'O0304', 'Virginia'),
( 'O0305', 'Virginia (ACC Championship)'),
( 'O0306', 'Virginia (ACC Tournament)'),
( 'O0307', 'Virginia Tech'),
( 'O0308', 'VIRGINIA TECH (ACC TOURNAMENT)'),
( 'O0309', 'vs. Florida A&M (Florida State Invitational)'),
( 'O0310', 'vs. Georgia State (Florida State Invitational)'),
( 'O0311', 'vs. Missouri (Crimson Classic)'),
( 'O0312', 'vs. Oakland (Red and Black Challenge)'),
( 'O0313', 'vs. Penn State (Crimson Classic)'),
( 'O0314', 'vs. Radford (Red and Black Challenge)'),
( 'O0315', 'vs. Southern Illinois (Florida State Invitational)'),
( 'O0316', 'vs. St. Joseph''s (Florida State Invitational)'),
( 'O0317', 'vs. Troy State (Florida State Invitational)'),
( 'O0318', 'vs. UNC Greensboro (Red and Black Challenge)'),
( 'O0319', 'Washington'),
( 'O0320', 'Weber State'),
( 'O0321', 'Western Kentucky'),
( 'O0322', 'Western Ky (Buzz Classic)'),
( 'O0323', 'Western Michigan'),
( 'O0324', 'Wichita State'),
( 'O0325', 'Winthrop'),
( 'O0326', 'Winthrop (Georgia Softball Classic)'),
( 'O0327', 'Wisconsin'),
( 'O0328', 'Wright State'),
( 'O0329', 'Yale'),
( 'O0330', 'Youngstown State')

--Location table
INSERT INTO Location VALUES
( 'L0001', 'Ann Arbor', ' Mich.'),
( 'L0002', 'Ann Arbor', ' MI'),
( 'L0003', 'Arizona State', 'AZ'),
( 'L0004', 'Arnold', ' MD'),
( 'L0005', 'Athens', ' Ga.'),
( 'L0006', 'Atlanta', ' GA'),
( 'L0007', 'Atlanta', ' Ga. (Georgia Tech / Buzz Classic)'),
( 'L0008', 'Atlanta', ' Ga.'),
( 'L0009', 'Auburn', ' Ala.'),
( 'L0010', 'Austin', ' Texas'),
( 'L0011', 'Baltimore', ' MD'),
( 'L0012', 'Baltimore', ' Md.'),
( 'L0013', 'Blacksburg', ' Va.'),
( 'L0014', 'Bloomington', ' Ind.'),
( 'L0015', 'Bloomington', ' IN'),
( 'L0016', 'Boca Raton', ' Fla. (Florida Atlantic Invitational)'),
( 'L0017', 'Boca Raton', ' Fla.'),
( 'L0018', 'Boston', ' MA'),
( 'L0019', 'Boston', ' Mass.'),
( 'L0020', 'Brooklyn', ' NY'),
( 'L0021', 'Brooklyn', ' N.Y.'),
( 'L0022', 'Champaign', ' Ill.'),
( 'L0023', 'Chapel Hill', ' NC'),
( 'L0024', 'Chapel Hill', ' N.C. (Tar Heel Invitational)'),
( 'L0025', 'Chapel Hill', ' N.C.'),
( 'L0026', 'Chapel Hill', ' N.C. (UNC Tournament)'),
( 'L0027', 'Charlotte', ' NC'),
( 'L0028', 'Charlottesville', ' VA'),
( 'L0029', 'Charlottesville', ' Va. (ACC/SASA Game)'),
( 'L0030', 'Charlottesville', ' Va.'),
( 'L0031', 'Chestnut Hill', ' Mass.'),
( 'L0032', 'Clearwater', ' Fla.'),
( 'L0033', 'Clemson', ' S.C.'),
( 'L0034', 'Colelge Park', ' Md.'),
( 'L0035', 'College Park', ' Md.'),
( 'L0036', 'College Park', ' Md. (Maryland Softball Stadium)'),
( 'L0037', 'College Park', ' Md. (Terrapin Invitational)'),
( 'L0038', 'College Park', ' MD'),
( 'L0039', 'College Park', ' Md. (ACC/SASA Game)'),
( 'L0040', 'College Park', ' MD (Maryland Softball Stadium)'),
( 'L0041', 'Columbia', ' Mo.'),
( 'L0042', 'Columbus', ' Ga.'),
( 'L0043', 'Columbus', ' Ohio'),
( 'L0044', 'Columbus', ' Oh.'),
( 'L0045', 'Columbus', ' OH'),
( 'L0046', 'Deland', ' Fla.'),
( 'L0047', 'DeLand', ' FL'),
( 'L0048', 'East Lansing', ' Mich.'),
( 'L0049', 'East Lansing', ' MI'),
( 'L0050', 'Emmitsburg', ' MD'),
( 'L0051', 'Evanston', ' Ill.'),
( 'L0052', 'Ewing', ' NJ'),
( 'L0053', 'Fairfax', ' VA'),
( 'L0054', 'Fairfax', ' Va.'),
( 'L0055', 'Fairfax', ' Va. (George Mason Spring Clash)'),
( 'L0056', 'Fairfield', ' Conn. (ECAC Championships)'),
( 'L0057', 'Florida State', 'FL'),
( 'L0058', 'Florida State (ACC Championships)', 'FL'),
( 'L0059', 'Ft. Myers', ' Fla.'),
( 'L0060', 'Gainesville', ' Fla.'),
( 'L0061', 'Georgia Tech', 'GA'),
( 'L0062', 'Greenville', ' S.C. (East Carolina Tournament)'),
( 'L0063', 'Greenville', ' N.C.'),
( 'L0064', 'GW Softball Field (Washington DC)', 'DC'),
( 'L0065', 'Harrisonburg', ' Va.'),
( 'L0066', 'Harrisonburg', ' VA'),
( 'L0067', 'Honolulu', ' Hawaii'),
( 'L0068', 'Houston', ' TX'),
( 'L0069', 'Iowa City', ' Iowa'),
( 'L0070', 'Kissimmee', ' Fla.'),
( 'L0071', 'Lafayette', ' La.'),
( 'L0072', 'Leesburg', ' Fla.'),
( 'L0073', 'Lincoln', ' NE'),
( 'L0074', 'Loretto', ' PA'),
( 'L0075', 'Los Angeles', ' Calif.'),
( 'L0076', 'Louisville', ' Ky.'),
( 'L0077', 'Macon', ' GA'),
( 'L0078', 'Madison', ' Wis.'),
( 'L0079', 'Marietta', ' Ga. (Buzz Classic)'),
( 'L0080', 'Marietta', ' Ga. (ACC Tournament)'),
( 'L0081', 'Marietta', ' Ga.'),
( 'L0082', 'Maryland Softball Stadium', 'MD'),
( 'L0083', 'Miami', ' Fla.'),
( 'L0084', 'Miami', ' FL'),
( 'L0085', 'Minneapolis', ' Min.'),
( 'L0086', 'Minneapolis', ' MN'),
( 'L0087', 'Myrtle Beach', ' S.C.'),
( 'L0088', 'Myrtle Beach', ' SC'),
( 'L0089', 'Nats'' Youth Academy (Washington DC)', 'DC'),
( 'L0090', 'New Brunswick', ' N.J.'),
( 'L0091', 'Newark', ' Del.'),
( 'L0092', 'Newark', ' DE'),
( 'L0093', 'Norman', ' Okla.'),
( 'L0094', 'North Carolina', 'NC'),
( 'L0095', 'Orlando', ' Fla.'),
( 'L0096', 'Orlando', ' FL'),
( 'L0097', 'Palm Springs', ' CA'),
( 'L0098', 'Palm Springs', ' Calif.'),
( 'L0099', 'Philadelphia', ' PA'),
( 'L0100', 'Philadelphia', 'PA'),
( 'L0101', 'Phoenix', ' AZ (Arizona State Coca-Cola Classic)'),
( 'L0102', 'Piscataway', ' N.J.'),
( 'L0103', 'Piscataway', ' NJ'),
( 'L0104', 'Plant City', ' Fla. (Speedline Invitational)'),
( 'L0105', 'Plant City', ' Fla.'),
( 'L0106', 'Princess Anne', ' MD'),
( 'L0107', 'Princeton', ' NJ'),
( 'L0108', 'Princeton', ' N.J.'),
( 'L0109', 'Raleigh', ' N.C. (Triangle Classic)'),
( 'L0110', 'Raleigh', ' N.C. (ACC Tournament)'),
( 'L0111', 'Raleigh', ' N.C. (Triangle Classic Tournament)'),
( 'L0112', 'Raleigh', ' N.C. (ACC Championships)'),
( 'L0113', 'Raleigh', ' N.C.'),
( 'L0114', 'Riverside', ' Calif.'),
( 'L0115', 'Riverside', ' CA'),
( 'L0116', 'Rock Hill', ' S.C. (Winthrop Tournament)'),
( 'L0117', 'Rock Hill', ' S.C.'),
( 'L0118', 'Rock Hill', ' SC'),
( 'L0119', 'Seattle', ' Wash.'),
( 'L0120', 'South Bend', ' In.'),
( 'L0121', 'South Florida', 'FL'),
( 'L0122', 'State College', ' Pa.'),
( 'L0123', 'State College', ' PA'),
( 'L0124', 'Statesboro', ' GA'),
( 'L0125', 'Statesboro', ' Ga.'),
( 'L0126', 'Tallahassee', ' FL (ACC Tournament)'),
( 'L0127', 'Tallahassee', ' FL'),
( 'L0128', 'Tallahassee', ' Fla. (Lady Seminole Invitational)'),
( 'L0129', 'Tallahassee', ' Fla. (ACC Tournament)'),
( 'L0130', 'Tallahassee', ' Fla. (ACC/SASA Game)'),
( 'L0131', 'Tallahassee', ' Fla. (Seminole Classic)'),
( 'L0132', 'Tallahassee', ' Fla.'),
( 'L0133', 'Tampa', ' FL'),
( 'L0134', 'Tampa', ' Fla. (Louisville Slugger Tournament)'),
( 'L0135', 'Tampa', ' Fla. (Speedline Invitational Tournament)'),
( 'L0136', 'Tampa', ' Fla. (Speedline Invitational)'),
( 'L0137', 'Tampa', ' Fla. (USF-Holiday Inn Tournament)'),
( 'L0138', 'Tampa', ' Fla.'),
( 'L0139', 'TBD', 'TBD'),
( 'L0140', 'Tempe', ' Az.'),
( 'L0141', 'Tempe', ' Ariz.'),
( 'L0142', 'Towson', ' MD'),
( 'L0143', 'Towson', ' Md.'),
( 'L0144', 'Troy', ' AL'),
( 'L0145', 'Tucson', ' Ariz. (NCAA Regional)'),
( 'L0146', 'Tuscaloosa', ' Ala. (Bama Bash)'),
( 'L0147', 'Tuscaloosa', ' Ala.'),
( 'L0148', 'UMBC', 'MD'),
( 'L0149', 'University Park', ' Penn.'),
( 'L0150', 'University Park', ' Pa.'),
( 'L0151', 'Virginia', 'VA'),
( 'L0152', 'Virginia Beach', ' VA'),
( 'L0153', 'Washington', ' D.C.'),
( 'L0154', 'West Lafayette', ' IN'),
( 'L0155', 'Wilmington', ' N.C. (UNC Wilmington Tournament)')

--Date Table
INSERT INTO Date VALUES
( 'D0001', '02-25-1995'),
( 'D0002', '03-07-1995'),
( 'D0003', '03-11-1995'),
( 'D0004', '03-12-1995'),
( 'D0005', '03-18-1995'),
( 'D0006', '03-21-1995'),
( 'D0007', '03-24-1995'),
( 'D0008', '03-25-1995'),
( 'D0009', '03-28-1995'),
( 'D0010', '03-30-1995'),
( 'D0011', '03-31-1995'),
( 'D0012', '04-01-1995'),
( 'D0013', '04-03-1995'),
( 'D0014', '04-05-1995'),
( 'D0015', '04-06-1995'),
( 'D0016', '04-08-1995'),
( 'D0017', '04-11-1995'),
( 'D0018', '04-12-1995'),
( 'D0019', '04-15-1995'),
( 'D0020', '04-17-1995'),
( 'D0021', '04-20-1995'),
( 'D0022', '04-21-1995'),
( 'D0023', '04-24-1995'),
( 'D0024', '04-26-1995'),
( 'D0025', '04-29-1995'),
( 'D0026', '02-24-1996'),
( 'D0027', '02-25-1996'),
( 'D0028', '03-02-1996'),
( 'D0029', '03-05-1996'),
( 'D0030', '03-13-1996'),
( 'D0031', '03-15-1996'),
( 'D0032', '03-16-1996'),
( 'D0033', '03-18-1996'),
( 'D0034', '03-20-1996'),
( 'D0035', '03-21-1996'),
( 'D0036', '03-22-1996'),
( 'D0037', '03-23-1996'),
( 'D0038', '03-24-1996'),
( 'D0039', '03-28-1996'),
( 'D0040', '03-29-1996'),
( 'D0041', '03-30-1996'),
( 'D0042', '04-05-1996'),
( 'D0043', '04-07-1996'),
( 'D0044', '04-11-1996'),
( 'D0045', '04-12-1996'),
( 'D0046', '04-13-1996'),
( 'D0047', '04-14-1996'),
( 'D0048', '04-18-1996'),
( 'D0049', '04-19-1996'),
( 'D0050', '04-20-1996'),
( 'D0051', '04-23-1996'),
( 'D0052', '04-25-1996'),
( 'D0053', '04-27-1996'),
( 'D0054', '04-28-1996'),
( 'D0055', '02-28-1997'),
( 'D0056', '03-01-1997'),
( 'D0057', '03-08-1997'),
( 'D0058', '03-11-1997'),
( 'D0059', '03-13-1997'),
( 'D0060', '03-15-1997'),
( 'D0061', '03-22-1997'),
( 'D0062', '03-24-1997'),
( 'D0063', '03-25-1997'),
( 'D0064', '03-27-1997'),
( 'D0065', '03-28-1997'),
( 'D0066', '03-29-1997'),
( 'D0067', '04-02-1997'),
( 'D0068', '04-04-1997'),
( 'D0069', '04-05-1997'),
( 'D0070', '04-08-1997'),
( 'D0071', '04-13-1997'),
( 'D0072', '04-15-1997'),
( 'D0073', '04-18-1997'),
( 'D0074', '04-19-1997'),
( 'D0075', '04-27-1997'),
( 'D0076', '04-29-1997'),
( 'D0077', '04-30-1997'),
( 'D0078', '05-10-1997'),
( 'D0079', '05-11-1997'),
( 'D0080', '02-20-1998'),
( 'D0081', '02-21-1998'),
( 'D0082', '02-27-1998'),
( 'D0083', '02-28-1998'),
( 'D0084', '03-01-1998'),
( 'D0085', '03-07-1998'),
( 'D0086', '03-14-1998'),
( 'D0087', '03-15-1998'),
( 'D0088', '03-17-1998'),
( 'D0089', '03-19-1998'),
( 'D0090', '03-20-1998'),
( 'D0091', '03-21-1998'),
( 'D0092', '03-22-1998'),
( 'D0093', '03-23-1998'),
( 'D0094', '03-24-1998'),
( 'D0095', '03-27-1998'),
( 'D0096', '03-28-1998'),
( 'D0097', '04-04-1998'),
( 'D0098', '04-05-1998'),
( 'D0099', '04-11-1998'),
( 'D0100', '04-14-1998'),
( 'D0101', '04-17-1998'),
( 'D0102', '04-19-1998'),
( 'D0103', '04-23-1998'),
( 'D0104', '04-24-1998'),
( 'D0105', '04-28-1998'),
( 'D0106', '05-02-1998'),
( 'D0107', '02-05-1999'),
( 'D0108', '02-06-1999'),
( 'D0109', '02-12-1999'),
( 'D0110', '02-13-1999'),
( 'D0111', '02-14-1999'),
( 'D0112', '02-19-1999'),
( 'D0113', '02-20-1999'),
( 'D0114', '03-04-1999'),
( 'D0115', '03-05-1999'),
( 'D0116', '03-06-1999'),
( 'D0117', '03-13-1999'),
( 'D0118', '03-20-1999'),
( 'D0119', '03-24-1999'),
( 'D0120', '03-26-1999'),
( 'D0121', '03-31-1999'),
( 'D0122', '04-03-1999'),
( 'D0123', '04-07-1999'),
( 'D0124', '04-09-1999'),
( 'D0125', '04-16-1999'),
( 'D0126', '04-18-1999'),
( 'D0127', '04-24-1999'),
( 'D0128', '05-02-1999'),
( 'D0129', '05-08-1999'),
( 'D0130', '05-16-1999'),
( 'D0131', '05-22-1999'),
( 'D0132', '02-18-2000'),
( 'D0133', '02-19-2000'),
( 'D0134', '02-20-2000'),
( 'D0135', '03-04-2000'),
( 'D0136', '03-05-2000'),
( 'D0137', '03-09-2000'),
( 'D0138', '03-10-2000'),
( 'D0139', '03-11-2000'),
( 'D0140', '03-17-2000'),
( 'D0141', '03-18-2000'),
( 'D0142', '03-21-2000'),
( 'D0143', '03-24-2000'),
( 'D0144', '03-25-2000'),
( 'D0145', '03-26-2000'),
( 'D0146', '03-30-2000'),
( 'D0147', '04-01-2000'),
( 'D0148', '04-07-2000'),
( 'D0149', '04-12-2000'),
( 'D0150', '04-14-2000'),
( 'D0151', '04-16-2000'),
( 'D0152', '04-22-2000'),
( 'D0153', '04-29-2000'),
( 'D0154', '04-30-2000'),
( 'D0155', '05-04-2000'),
( 'D0156', '05-06-2000'),
( 'D0157', '02-16-2001'),
( 'D0158', '02-17-2001'),
( 'D0159', '02-18-2001'),
( 'D0160', '02-23-2001'),
( 'D0161', '02-24-2001'),
( 'D0162', '02-25-2001'),
( 'D0163', '03-02-2001'),
( 'D0164', '03-08-2001'),
( 'D0165', '03-09-2001'),
( 'D0166', '03-10-2001'),
( 'D0167', '03-14-2001'),
( 'D0168', '03-16-2001'),
( 'D0169', '03-17-2001'),
( 'D0170', '03-20-2001'),
( 'D0171', '03-23-2001'),
( 'D0172', '03-24-2001'),
( 'D0173', '03-28-2001'),
( 'D0174', '04-04-2001'),
( 'D0175', '04-14-2001'),
( 'D0176', '04-15-2001'),
( 'D0177', '04-22-2001'),
( 'D0178', '04-25-2001'),
( 'D0179', '04-29-2001'),
( 'D0180', '05-05-2001'),
( 'D0181', '05-11-2001'),
( 'D0182', '05-12-2001'),
( 'D0183', '02-08-2002'),
( 'D0184', '02-09-2002'),
( 'D0185', '02-15-2002'),
( 'D0186', '02-16-2002'),
( 'D0187', '02-17-2002'),
( 'D0188', '02-22-2002'),
( 'D0189', '03-07-2002'),
( 'D0190', '03-08-2002'),
( 'D0191', '03-09-2002'),
( 'D0192', '03-14-2002'),
( 'D0193', '03-15-2002'),
( 'D0194', '03-22-2002'),
( 'D0195', '03-23-2002'),
( 'D0196', '03-24-2002'),
( 'D0197', '03-26-2002'),
( 'D0198', '03-29-2002'),
( 'D0199', '03-30-2002'),
( 'D0200', '03-31-2002'),
( 'D0201', '04-06-2002'),
( 'D0202', '04-07-2002'),
( 'D0203', '04-10-2002'),
( 'D0204', '04-17-2002'),
( 'D0205', '04-20-2002'),
( 'D0206', '04-24-2002'),
( 'D0207', '04-27-2002'),
( 'D0208', '04-30-2002'),
( 'D0209', '05-10-2002'),
( 'D0210', '05-11-2002'),
( 'D0211', '02-14-2003'),
( 'D0212', '02-15-2003'),
( 'D0213', '02-21-2003'),
( 'D0214', '02-23-2003'),
( 'D0215', '03-06-2003'),
( 'D0216', '03-07-2003'),
( 'D0217', '03-08-2003'),
( 'D0218', '03-22-2003'),
( 'D0219', '03-23-2003'),
( 'D0220', '03-25-2003'),
( 'D0221', '03-29-2003'),
( 'D0222', '04-02-2003'),
( 'D0223', '04-06-2003'),
( 'D0224', '04-13-2003'),
( 'D0225', '04-16-2003'),
( 'D0226', '04-19-2003'),
( 'D0227', '04-23-2003'),
( 'D0228', '04-26-2003'),
( 'D0229', '04-29-2003'),
( 'D0230', '04-30-2003'),
( 'D0231', '05-01-2003'),
( 'D0232', '05-06-2003'),
( 'D0233', '05-09-2003'),
( 'D0234', '05-10-2003'),
( 'D0235', '02-20-2004'),
( 'D0236', '02-21-2004'),
( 'D0237', '02-22-2004'),
( 'D0238', '02-27-2004'),
( 'D0239', '02-28-2004'),
( 'D0240', '02-29-2004'),
( 'D0241', '03-05-2004'),
( 'D0242', '03-06-2004'),
( 'D0243', '03-07-2004'),
( 'D0244', '03-12-2004'),
( 'D0245', '03-13-2004'),
( 'D0246', '03-14-2004'),
( 'D0247', '03-17-2004'),
( 'D0248', '03-20-2004'),
( 'D0249', '03-21-2004'),
( 'D0250', '03-27-2004'),
( 'D0251', '03-28-2004'),
( 'D0252', '04-06-2004'),
( 'D0253', '04-08-2004'),
( 'D0254', '04-10-2004'),
( 'D0255', '04-11-2004'),
( 'D0256', '04-15-2004'),
( 'D0257', '04-17-2004'),
( 'D0258', '04-18-2004'),
( 'D0259', '04-25-2004'),
( 'D0260', '04-29-2004'),
( 'D0261', '05-02-2004'),
( 'D0262', '05-06-2004'),
( 'D0263', '05-08-2004'),
( 'D0264', '05-09-2004'),
( 'D0265', '05-14-2004'),
( 'D0266', '05-15-2004'),
( 'D0267', '02-18-2005'),
( 'D0268', '02-19-2005'),
( 'D0269', '02-20-2005'),
( 'D0270', '03-04-2005'),
( 'D0271', '03-05-2005'),
( 'D0272', '03-06-2005'),
( 'D0273', '03-11-2005'),
( 'D0274', '03-12-2005'),
( 'D0275', '03-13-2005'),
( 'D0276', '03-19-2005'),
( 'D0277', '03-20-2005'),
( 'D0278', '03-25-2005'),
( 'D0279', '03-31-2005'),
( 'D0280', '04-06-2005'),
( 'D0281', '04-09-2005'),
( 'D0282', '04-10-2005'),
( 'D0283', '04-16-2005'),
( 'D0284', '04-17-2005'),
( 'D0285', '04-23-2005'),
( 'D0286', '04-24-2005'),
( 'D0287', '04-27-2005'),
( 'D0288', '04-29-2005'),
( 'D0289', '05-04-2005'),
( 'D0290', '05-07-2005'),
( 'D0291', '05-12-2005'),
( 'D0292', '05-13-2005'),
( 'D0293', '05-14-2005'),
( 'D0294', '02-17-2006'),
( 'D0295', '02-18-2006'),
( 'D0296', '02-19-2006'),
( 'D0297', '02-23-2006'),
( 'D0298', '02-24-2006'),
( 'D0299', '02-25-2006'),
( 'D0300', '02-26-2006'),
( 'D0301', '03-03-2006'),
( 'D0302', '03-04-2006'),
( 'D0303', '03-10-2006'),
( 'D0304', '03-11-2006'),
( 'D0305', '03-15-2006'),
( 'D0306', '03-18-2006'),
( 'D0307', '03-19-2006'),
( 'D0308', '03-22-2006'),
( 'D0309', '03-25-2006'),
( 'D0310', '03-26-2006'),
( 'D0311', '03-28-2006'),
( 'D0312', '03-29-2006'),
( 'D0313', '04-01-2006'),
( 'D0314', '04-02-2006'),
( 'D0315', '04-05-2006'),
( 'D0316', '04-09-2006'),
( 'D0317', '04-12-2006'),
( 'D0318', '04-15-2006'),
( 'D0319', '04-16-2006'),
( 'D0320', '04-19-2006'),
( 'D0321', '04-22-2006'),
( 'D0322', '04-23-2006'),
( 'D0323', '04-26-2006'),
( 'D0324', '05-03-2006'),
( 'D0325', '05-06-2006'),
( 'D0326', '05-07-2006'),
( 'D0327', '05-11-2006'),
( 'D0328', '02-16-2007'),
( 'D0329', '02-17-2007'),
( 'D0330', '02-18-2007'),
( 'D0331', '02-23-2007'),
( 'D0332', '02-24-2007'),
( 'D0333', '02-25-2007'),
( 'D0334', '03-02-2007'),
( 'D0335', '03-04-2007'),
( 'D0336', '03-09-2007'),
( 'D0337', '03-10-2007'),
( 'D0338', '03-11-2007'),
( 'D0339', '03-13-2007'),
( 'D0340', '03-21-2007'),
( 'D0341', '03-24-2007'),
( 'D0342', '03-25-2007'),
( 'D0343', '03-28-2007'),
( 'D0344', '03-31-2007'),
( 'D0345', '04-01-2007'),
( 'D0346', '04-04-2007'),
( 'D0347', '04-07-2007'),
( 'D0348', '04-08-2007'),
( 'D0349', '04-11-2007'),
( 'D0350', '04-14-2007'),
( 'D0351', '04-18-2007'),
( 'D0352', '04-21-2007'),
( 'D0353', '04-22-2007'),
( 'D0354', '04-25-2007'),
( 'D0355', '04-28-2007'),
( 'D0356', '04-29-2007'),
( 'D0357', '05-02-2007'),
( 'D0358', '05-05-2007'),
( 'D0359', '05-06-2007'),
( 'D0360', '05-10-2007'),
( 'D0361', '05-11-2007'),
( 'D0362', '02-08-2008'),
( 'D0363', '02-09-2008'),
( 'D0364', '02-10-2008'),
( 'D0365', '02-16-2008'),
( 'D0366', '02-17-2008'),
( 'D0367', '02-27-2008'),
( 'D0368', '02-29-2008'),
( 'D0369', '03-01-2008'),
( 'D0370', '03-02-2008'),
( 'D0371', '03-05-2008'),
( 'D0372', '03-08-2008'),
( 'D0373', '03-09-2008'),
( 'D0374', '03-12-2008'),
( 'D0375', '03-14-2008'),
( 'D0376', '03-15-2008'),
( 'D0377', '03-16-2008'),
( 'D0378', '03-21-2008'),
( 'D0379', '03-22-2008'),
( 'D0380', '03-29-2008'),
( 'D0381', '03-30-2008'),
( 'D0382', '04-02-2008'),
( 'D0383', '04-05-2008'),
( 'D0384', '04-06-2008'),
( 'D0385', '04-08-2008'),
( 'D0386', '04-12-2008'),
( 'D0387', '04-13-2008'),
( 'D0388', '04-16-2008'),
( 'D0389', '04-19-2008'),
( 'D0390', '04-20-2008'),
( 'D0391', '04-23-2008'),
( 'D0392', '04-26-2008'),
( 'D0393', '04-27-2008'),
( 'D0394', '04-30-2008'),
( 'D0395', '05-03-2008'),
( 'D0396', '05-04-2008'),
( 'D0397', '05-08-2008'),
( 'D0398', '02-06-2009'),
( 'D0399', '02-07-2009'),
( 'D0400', '02-08-2009'),
( 'D0401', '02-19-2009'),
( 'D0402', '02-20-2009'),
( 'D0403', '02-21-2009'),
( 'D0404', '02-22-2009'),
( 'D0405', '02-27-2009'),
( 'D0406', '02-28-2009'),
( 'D0407', '03-07-2009'),
( 'D0408', '03-08-2009'),
( 'D0409', '03-11-2009'),
( 'D0410', '03-13-2009'),
( 'D0411', '03-14-2009'),
( 'D0412', '03-15-2009'),
( 'D0413', '03-21-2009'),
( 'D0414', '03-22-2009'),
( 'D0415', '03-25-2009'),
( 'D0416', '03-28-2009'),
( 'D0417', '03-29-2009'),
( 'D0418', '04-04-2009'),
( 'D0419', '04-05-2009'),
( 'D0420', '04-08-2009'),
( 'D0421', '04-11-2009'),
( 'D0422', '04-12-2009'),
( 'D0423', '04-18-2009'),
( 'D0424', '04-19-2009'),
( 'D0425', '04-23-2009'),
( 'D0426', '04-25-2009'),
( 'D0427', '04-26-2009'),
( 'D0428', '04-28-2009'),
( 'D0429', '04-29-2009'),
( 'D0430', '05-02-2009'),
( 'D0431', '05-08-2009'),
( 'D0432', '02-19-2010'),
( 'D0433', '02-20-2010'),
( 'D0434', '02-21-2010'),
( 'D0435', '02-26-2010'),
( 'D0436', '02-27-2010'),
( 'D0437', '02-28-2010'),
( 'D0438', '03-05-2010'),
( 'D0439', '03-06-2010'),
( 'D0440', '03-07-2010'),
( 'D0441', '03-10-2010'),
( 'D0442', '03-14-2010'),
( 'D0443', '03-17-2010'),
( 'D0444', '03-19-2010'),
( 'D0445', '03-20-2010'),
( 'D0446', '03-21-2010'),
( 'D0447', '03-24-2010'),
( 'D0448', '03-27-2010'),
( 'D0449', '03-28-2010'),
( 'D0450', '03-30-2010'),
( 'D0451', '04-03-2010'),
( 'D0452', '04-04-2010'),
( 'D0453', '04-07-2010'),
( 'D0454', '04-10-2010'),
( 'D0455', '04-11-2010'),
( 'D0456', '04-14-2010'),
( 'D0457', '04-17-2010'),
( 'D0458', '04-18-2010'),
( 'D0459', '04-24-2010'),
( 'D0460', '04-25-2010'),
( 'D0461', '04-28-2010'),
( 'D0462', '05-01-2010'),
( 'D0463', '05-09-2010'),
( 'D0464', '05-14-2010'),
( 'D0465', '05-21-2010'),
( 'D0466', '05-22-2010'),
( 'D0467', '02-11-2011'),
( 'D0468', '02-12-2011'),
( 'D0469', '02-13-2011'),
( 'D0470', '02-25-2011'),
( 'D0471', '02-26-2011'),
( 'D0472', '02-27-2011'),
( 'D0473', '03-04-2011'),
( 'D0474', '03-05-2011'),
( 'D0475', '03-06-2011'),
( 'D0476', '03-09-2011'),
( 'D0477', '03-11-2011'),
( 'D0478', '03-12-2011'),
( 'D0479', '03-13-2011'),
( 'D0480', '03-16-2011'),
( 'D0481', '03-18-2011'),
( 'D0482', '03-19-2011'),
( 'D0483', '03-20-2011'),
( 'D0484', '03-26-2011'),
( 'D0485', '04-02-2011'),
( 'D0486', '04-03-2011'),
( 'D0487', '04-06-2011'),
( 'D0488', '04-09-2011'),
( 'D0489', '04-10-2011'),
( 'D0490', '04-17-2011'),
( 'D0491', '04-19-2011'),
( 'D0492', '04-23-2011'),
( 'D0493', '04-24-2011'),
( 'D0494', '04-27-2011'),
( 'D0495', '04-30-2011'),
( 'D0496', '05-01-2011'),
( 'D0497', '05-07-2011'),
( 'D0498', '05-08-2011'),
( 'D0499', '05-13-2011'),
( 'D0500', '05-14-2011'),
( 'D0501', '05-20-2011'),
( 'D0502', '05-21-2011'),
( 'D0503', '02-17-2012'),
( 'D0504', '02-18-2012'),
( 'D0505', '02-19-2012'),
( 'D0506', '02-22-2012'),
( 'D0507', '02-24-2012'),
( 'D0508', '02-25-2012'),
( 'D0509', '02-26-2012'),
( 'D0510', '03-02-2012'),
( 'D0511', '03-03-2012'),
( 'D0512', '03-04-2012'),
( 'D0513', '03-09-2012'),
( 'D0514', '03-10-2012'),
( 'D0515', '03-11-2012'),
( 'D0516', '03-16-2012'),
( 'D0517', '03-17-2012'),
( 'D0518', '03-18-2012'),
( 'D0519', '03-21-2012'),
( 'D0520', '03-31-2012'),
( 'D0521', '04-01-2012'),
( 'D0522', '04-04-2012'),
( 'D0523', '04-07-2012'),
( 'D0524', '04-08-2012'),
( 'D0525', '04-14-2012'),
( 'D0526', '04-15-2012'),
( 'D0527', '04-18-2012'),
( 'D0528', '04-21-2012'),
( 'D0529', '04-22-2012'),
( 'D0530', '04-25-2012'),
( 'D0531', '04-28-2012'),
( 'D0532', '04-29-2012'),
( 'D0533', '05-05-2012'),
( 'D0534', '05-06-2012'),
( 'D0535', '05-10-2012'),
( 'D0536', '05-18-2012'),
( 'D0537', '05-19-2012'),
( 'D0538', '02-15-2013'),
( 'D0539', '02-16-2013'),
( 'D0540', '02-17-2013'),
( 'D0541', '02-21-2013'),
( 'D0542', '02-22-2013'),
( 'D0543', '02-23-2013'),
( 'D0544', '03-01-2013'),
( 'D0545', '03-02-2013'),
( 'D0546', '03-03-2013'),
( 'D0547', '03-05-2013'),
( 'D0548', '03-08-2013'),
( 'D0549', '03-09-2013'),
( 'D0550', '03-10-2013'),
( 'D0551', '03-12-2013'),
( 'D0552', '03-15-2013'),
( 'D0553', '03-16-2013'),
( 'D0554', '03-17-2013'),
( 'D0555', '03-23-2013'),
( 'D0556', '03-24-2013'),
( 'D0557', '03-27-2013'),
( 'D0558', '03-30-2013'),
( 'D0559', '03-31-2013'),
( 'D0560', '04-03-2013'),
( 'D0561', '04-06-2013'),
( 'D0562', '04-07-2013'),
( 'D0563', '04-10-2013'),
( 'D0564', '04-13-2013'),
( 'D0565', '04-14-2013'),
( 'D0566', '04-20-2013'),
( 'D0567', '04-21-2013'),
( 'D0568', '04-24-2013'),
( 'D0569', '04-27-2013'),
( 'D0570', '04-28-2013'),
( 'D0571', '05-04-2013'),
( 'D0572', '05-05-2013'),
( 'D0573', '05-09-2013'),
( 'D0574', '02-07-2014'),
( 'D0575', '02-08-2014'),
( 'D0576', '02-09-2014'),
( 'D0577', '02-14-2014'),
( 'D0578', '02-15-2014'),
( 'D0579', '02-16-2014'),
( 'D0580', '02-20-2014'),
( 'D0581', '02-21-2014'),
( 'D0582', '02-22-2014'),
( 'D0583', '02-28-2014'),
( 'D0584', '03-01-2014'),
( 'D0585', '03-02-2014'),
( 'D0586', '03-15-2014'),
( 'D0587', '03-16-2014'),
( 'D0588', '03-22-2014'),
( 'D0589', '03-23-2014'),
( 'D0590', '04-02-2014'),
( 'D0591', '04-05-2014'),
( 'D0592', '04-06-2014'),
( 'D0593', '04-12-2014'),
( 'D0594', '04-13-2014'),
( 'D0595', '04-16-2014'),
( 'D0596', '04-19-2014'),
( 'D0597', '04-20-2014'),
( 'D0598', '04-23-2014'),
( 'D0599', '04-27-2014'),
( 'D0600', '04-28-2014'),
( 'D0601', '05-03-2014'),
( 'D0602', '05-04-2014'),
( 'D0603', '02-06-2015'),
( 'D0604', '02-07-2015'),
( 'D0605', '02-08-2015'),
( 'D0606', '02-13-2015'),
( 'D0607', '02-14-2015'),
( 'D0608', '02-15-2015'),
( 'D0609', '02-19-2015'),
( 'D0610', '02-20-2015'),
( 'D0611', '02-21-2015'),
( 'D0612', '02-27-2015'),
( 'D0613', '03-01-2015'),
( 'D0614', '03-03-2015'),
( 'D0615', '03-07-2015'),
( 'D0616', '03-08-2015'),
( 'D0617', '03-15-2015'),
( 'D0618', '03-16-2015'),
( 'D0619', '03-17-2015'),
( 'D0620', '03-20-2015'),
( 'D0621', '03-21-2015'),
( 'D0622', '03-22-2015'),
( 'D0623', '03-25-2015'),
( 'D0624', '03-27-2015'),
( 'D0625', '03-29-2015'),
( 'D0626', '04-04-2015'),
( 'D0627', '04-05-2015'),
( 'D0628', '04-10-2015'),
( 'D0629', '04-11-2015'),
( 'D0630', '04-12-2015'),
( 'D0631', '04-17-2015'),
( 'D0632', '04-18-2015'),
( 'D0633', '04-19-2015'),
( 'D0634', '04-21-2015'),
( 'D0635', '04-24-2015'),
( 'D0636', '04-25-2015'),
( 'D0637', '04-26-2015'),
( 'D0638', '05-01-2015'),
( 'D0639', '05-02-2015'),
( 'D0640', '05-03-2015'),
( 'D0641', '05-07-2015'),
( 'D0642', '02-12-2016'),
( 'D0643', '02-13-2016'),
( 'D0644', '02-14-2016'),
( 'D0645', '02-19-2016'),
( 'D0646', '02-20-2016'),
( 'D0647', '02-21-2016'),
( 'D0648', '02-26-2016'),
( 'D0649', '02-27-2016'),
( 'D0650', '02-28-2016'),
( 'D0651', '03-04-2016'),
( 'D0652', '03-05-2016'),
( 'D0653', '03-06-2016'),
( 'D0654', '03-11-2016'),
( 'D0655', '03-12-2016'),
( 'D0656', '03-13-2016'),
( 'D0657', '03-18-2016'),
( 'D0658', '03-20-2016'),
( 'D0659', '03-25-2016'),
( 'D0660', '03-26-2016'),
( 'D0661', '03-27-2016'),
( 'D0662', '04-01-2016'),
( 'D0663', '04-02-2016'),
( 'D0664', '04-03-2016'),
( 'D0665', '04-05-2016'),
( 'D0666', '04-08-2016'),
( 'D0667', '04-10-2016'),
( 'D0668', '04-15-2016'),
( 'D0669', '04-16-2016'),
( 'D0670', '04-17-2016'),
( 'D0671', '04-20-2016'),
( 'D0672', '04-22-2016'),
( 'D0673', '04-23-2016'),
( 'D0674', '04-24-2016'),
( 'D0675', '04-29-2016'),
( 'D0676', '04-30-2016'),
( 'D0677', '05-01-2016'),
( 'D0678', '05-07-2016'),
( 'D0679', '05-08-2016'),
( 'D0680', '02-10-2017'),
( 'D0681', '02-11-2017'),
( 'D0682', '02-12-2017'),
( 'D0683', '02-17-2017'),
( 'D0684', '02-18-2017'),
( 'D0685', '02-24-2017'),
( 'D0686', '02-25-2017'),
( 'D0687', '02-26-2017'),
( 'D0688', '03-03-2017'),
( 'D0689', '03-04-2017'),
( 'D0690', '03-05-2017'),
( 'D0691', '03-10-2017'),
( 'D0692', '03-11-2017'),
( 'D0693', '03-12-2017'),
( 'D0694', '03-18-2017'),
( 'D0695', '03-19-2017'),
( 'D0696', '03-20-2017'),
( 'D0697', '03-24-2017'),
( 'D0698', '03-25-2017'),
( 'D0699', '03-26-2017'),
( 'D0700', '03-31-2017'),
( 'D0701', '04-01-2017'),
( 'D0702', '04-02-2017'),
( 'D0703', '04-08-2017'),
( 'D0704', '04-09-2017'),
( 'D0705', '04-14-2017'),
( 'D0706', '04-15-2017'),
( 'D0707', '04-16-2017'),
( 'D0708', '04-21-2017'),
( 'D0709', '04-23-2017'),
( 'D0710', '04-28-2017'),
( 'D0711', '04-29-2017'),
( 'D0712', '04-30-2017'),
( 'D0713', '05-03-2017'),
( 'D0714', '05-05-2017'),
( 'D0715', '05-06-2017'),
( 'D0716', '05-07-2017'),
( 'D0717', '02-09-2018'),
( 'D0718', '02-10-2018'),
( 'D0719', '02-11-2018'),
( 'D0720', '02-17-2018'),
( 'D0721', '02-18-2018'),
( 'D0722', '02-23-2018'),
( 'D0723', '02-24-2018'),
( 'D0724', '02-25-2018'),
( 'D0725', '03-02-2018'),
( 'D0726', '03-03-2018'),
( 'D0727', '03-04-2018'),
( 'D0728', '03-08-2018'),
( 'D0729', '03-09-2018'),
( 'D0730', '03-10-2018'),
( 'D0731', '03-16-2018'),
( 'D0732', '03-17-2018'),
( 'D0733', '03-18-2018'),
( 'D0734', '03-24-2018'),
( 'D0735', '03-25-2018'),
( 'D0736', '03-30-2018'),
( 'D0737', '03-31-2018'),
( 'D0738', '04-01-2018'),
( 'D0739', '04-06-2018'),
( 'D0740', '04-07-2018'),
( 'D0741', '04-08-2018'),
( 'D0742', '04-11-2018'),
( 'D0743', '04-13-2018'),
( 'D0744', '04-14-2018'),
( 'D0745', '04-17-2018'),
( 'D0746', '04-20-2018'),
( 'D0747', '04-21-2018'),
( 'D0748', '04-22-2018'),
( 'D0749', '04-27-2018'),
( 'D0750', '04-28-2018'),
( 'D0751', '04-29-2018'),
( 'D0752', '05-04-2018'),
( 'D0753', '05-05-2018'),
( 'D0754', '05-10-2018'),
( 'D0755', '02-08-2019'),
( 'D0756', '02-09-2019'),
( 'D0757', '02-10-2019'),
( 'D0758', '02-15-2019'),
( 'D0759', '02-16-2019'),
( 'D0760', '02-17-2019'),
( 'D0761', '02-22-2019'),
( 'D0762', '02-23-2019'),
( 'D0763', '02-24-2019'),
( 'D0764', '03-01-2019'),
( 'D0765', '03-02-2019'),
( 'D0766', '03-03-2019'),
( 'D0767', '03-08-2019'),
( 'D0768', '03-09-2019'),
( 'D0769', '03-10-2019'),
( 'D0770', '03-14-2019'),
( 'D0771', '03-15-2019'),
( 'D0772', '03-16-2019'),
( 'D0773', '03-19-2019'),
( 'D0774', '03-22-2019'),
( 'D0775', '03-23-2019'),
( 'D0776', '03-24-2019'),
( 'D0777', '03-29-2019'),
( 'D0778', '03-30-2019'),
( 'D0779', '03-31-2019'),
( 'D0780', '04-05-2019'),
( 'D0781', '04-06-2019'),
( 'D0782', '04-07-2019'),
( 'D0783', '04-12-2019'),
( 'D0784', '04-13-2019'),
( 'D0785', '04-20-2019'),
( 'D0786', '04-21-2019'),
( 'D0787', '04-23-2019'),
( 'D0788', '04-26-2019'),
( 'D0789', '04-27-2019'),
( 'D0790', '04-28-2019'),
( 'D0791', '05-03-2019'),
( 'D0792', '05-04-2019'),
( 'D0793', '05-05-2019'),
( 'D0794', '02-06-2020'),
( 'D0795', '02-07-2020'),
( 'D0796', '02-08-2020'),
( 'D0797', '02-14-2020'),
( 'D0798', '02-15-2020'),
( 'D0799', '02-16-2020'),
( 'D0800', '02-21-2020'),
( 'D0801', '02-22-2020'),
( 'D0802', '02-23-2020'),
( 'D0803', '02-28-2020'),
( 'D0804', '02-29-2020'),
( 'D0805', '03-01-2020'),
( 'D0806', '03-06-2020'),
( 'D0807', '03-07-2020'),
( 'D0808', '03-08-2020'),
( 'D0809', '02-26-2021'),
( 'D0810', '02-27-2021'),
( 'D0811', '02-28-2021'),
( 'D0812', '03-11-2021'),
( 'D0813', '03-12-2021'),
( 'D0814', '03-13-2021'),
( 'D0815', '03-14-2021'),
( 'D0816', '03-26-2021'),
( 'D0817', '03-27-2021'),
( 'D0818', '03-28-2021'),
( 'D0819', '04-02-2021'),
( 'D0820', '04-03-2021'),
( 'D0821', '04-04-2021'),
( 'D0822', '04-09-2021'),
( 'D0823', '04-10-2021'),
( 'D0824', '04-16-2021'),
( 'D0825', '04-17-2021'),
( 'D0826', '04-18-2021'),
( 'D0827', '04-23-2021'),
( 'D0828', '04-24-2021'),
( 'D0829', '04-25-2021'),
( 'D0830', '04-30-2021'),
( 'D0831', '05-01-2021'),
( 'D0832', '05-02-2021'),
( 'D0833', '05-07-2021'),
( 'D0834', '05-08-2021'),
( 'D0835', '05-09-2021'),
( 'D0836', '05-14-2021'),
( 'D0837', '05-15-2021'),
( 'D0838', '05-16-2021'),
( 'D0839', '02-11-2022'),
( 'D0840', '02-12-2022'),
( 'D0841', '02-18-2022'),
( 'D0842', '02-19-2022'),
( 'D0843', '02-20-2022'),
( 'D0844', '02-25-2022'),
( 'D0845', '02-26-2022'),
( 'D0846', '02-27-2022'),
( 'D0847', '03-04-2022'),
( 'D0848', '03-05-2022'),
( 'D0849', '03-08-2022'),
( 'D0850', '03-11-2022'),
( 'D0851', '03-16-2022'),
( 'D0852', '03-18-2022'),
( 'D0853', '03-19-2022'),
( 'D0854', '03-20-2022'),
( 'D0855', '03-24-2022'),
( 'D0856', '03-25-2022'),
( 'D0857', '03-26-2022'),
( 'D0858', '04-01-2022'),
( 'D0859', '04-02-2022'),
( 'D0860', '04-03-2022'),
( 'D0861', '04-06-2022'),
( 'D0862', '04-09-2022'),
( 'D0863', '04-10-2022'),
( 'D0864', '04-14-2022'),
( 'D0865', '04-15-2022'),
( 'D0866', '04-16-2022'),
( 'D0867', '04-19-2022'),
( 'D0868', '04-22-2022'),
( 'D0869', '04-23-2022'),
( 'D0870', '04-24-2022'),
( 'D0871', '04-29-2022'),
( 'D0872', '04-30-2022'),
( 'D0873', '05-01-2022'),
( 'D0874', '05-08-2022'),
( 'D0875', '05-11-2022'),
( 'D0876', '05-12-2022'),
( 'D0877', '02-25-2023'),
( 'D0878', '03-07-2023'),
( 'D0879', '03-11-2023'),
( 'D0880', '03-12-2023'),
( 'D0881', '03-18-2023'),
( 'D0882', '03-21-2023'),
( 'D0883', '03-24-2023'),
( 'D0884', '03-25-2023'),
( 'D0885', '03-28-2023'),
( 'D0886', '03-30-2023'),
( 'D0887', '03-31-2023'),
( 'D0888', '04-01-2023'),
( 'D0889', '04-03-2023'),
( 'D0890', '04-05-2023'),
( 'D0891', '04-06-2023'),
( 'D0892', '04-08-2023'),
( 'D0893', '04-11-2023'),
( 'D0894', '04-12-2023'),
( 'D0895', '04-15-2023'),
( 'D0896', '04-17-2023'),
( 'D0897', '04-20-2023'),
( 'D0898', '04-21-2023'),
( 'D0899', '04-24-2023'),
( 'D0900', '04-26-2023'),
( 'D0901', '04-29-2023')

INSERT INTO Play VALUES
('P0001', 'O0004', 'L0004', 'Away'),
('P0002', 'O0004', 'L0004', 'Away'),
('P0003', 'O0004', 'L0038', 'Home'),
('P0004', 'O0004', 'L0035', 'Home'),
('P0005', 'O0023', 'L0035', 'Home'),
('P0006', 'O0023', 'L0035', 'Home'),
('P0007', 'O0045', 'L0116', 'Neutral'),
('P0008', 'O0058', 'L0011', 'Away'),
('P0009', 'O0058', 'L0011', 'Away'),
('P0010', 'O0059', 'L0035', 'Home'),
('P0011', 'O0059', 'L0035', 'Home'),
('P0012', 'O0094', 'L0035', 'Home'),
('P0013', 'O0094', 'L0035', 'Home'),
('P0014', 'O0094', 'L0116', 'Neutral'),
('P0015', 'O0094', 'L0053', 'Away'),
('P0016', 'O0094', 'L0053', 'Away'),
('P0017', 'O0104', 'L0079', 'Neutral'),
('P0018', 'O0106', 'L0006', 'Away'),
('P0019', 'O0106', 'L0006', 'Away'),
('P0020', 'O0111', 'L0035', 'Home'),
('P0021', 'O0111', 'L0035', 'Home'),
('P0022', 'O0173', 'L0035', 'Home'),
('P0023', 'O0173', 'L0035', 'Home'),
('P0024', 'O0176', 'L0050', 'Away'),
('P0025', 'O0176', 'L0050', 'Away'),
('P0026', 'O0189', 'L0023', 'Away'),
('P0027', 'O0189', 'L0023', 'Away'),
('P0028', 'O0189', 'L0126', 'Neutral'),
('P0029', 'O0232', 'L0035', 'Home'),
('P0030', 'O0232', 'L0035', 'Home'),
('P0031', 'O0271', 'L0079', 'Neutral'),
('P0032', 'O0275', 'L0052', 'Away'),
('P0033', 'O0275', 'L0052', 'Away'),
('P0034', 'O0276', 'L0079', 'Neutral'),
('P0035', 'O0290', 'L0011', 'Away'),
('P0036', 'O0290', 'L0011', 'Away'),
('P0037', 'O0291', 'L0035', 'Home'),
('P0038', 'O0291', 'L0035', 'Home'),
('P0039', 'O0291', 'L0106', 'Away'),
('P0040', 'O0291', 'L0106', 'Away'),
('P0041', 'O0294', 'L0035', 'Home'),
('P0042', 'O0294', 'L0035', 'Home'),
('P0043', 'O0297', 'L0079', 'Neutral'),
('P0044', 'O0304', 'L0126', 'Neutral'),
('P0045', 'O0325', 'L0116', 'Away'),
('P0046', 'O0325', 'L0035', 'Home'),
('P0047', 'O0325', 'L0035', 'Home'),
('P0048', 'O0328', 'L0116', 'Neutral'),
('P0049', 'O0002', 'L0116', 'Neutral'),
('P0050', 'O0012', 'L0155', 'Neutral'),
('P0051', 'O0040', 'L0024', 'Neutral'),
('P0052', 'O0046', 'L0155', 'Neutral'),
('P0053', 'O0048', 'L0116', 'Neutral'),
('P0054', 'O0051', 'L0116', 'Neutral'),
('P0055', 'O0058', 'L0035', 'Home'),
('P0056', 'O0058', 'L0035', 'Home'),
('P0057', 'O0074', 'L0109', 'Neutral'),
('P0058', 'O0082', 'L0024', 'Neutral'),
('P0059', 'O0088', 'L0035', 'Home'),
('P0060', 'O0088', 'L0035', 'Home'),
('P0061', 'O0088', 'L0024', 'Neutral'),
('P0062', 'O0088', 'L0110', 'Neutral'),
('P0063', 'O0102', 'L0079', 'Neutral'),
('P0064', 'O0106', 'L0006', 'Away'),
('P0065', 'O0106', 'L0006', 'Away'),
('P0066', 'O0133', 'L0116', 'Neutral'),
('P0067', 'O0135', 'L0109', 'Neutral'),
('P0068', 'O0144', 'L0035', 'Home'),
('P0069', 'O0144', 'L0035', 'Home'),
('P0070', 'O0150', 'L0109', 'Neutral'),
('P0071', 'O0150', 'L0116', 'Neutral'),
('P0072', 'O0156', 'L0079', 'Neutral'),
('P0073', 'O0166', 'L0109', 'Neutral'),
('P0074', 'O0173', 'L0035', 'Home'),
('P0075', 'O0173', 'L0035', 'Home'),
('P0076', 'O0174', 'L0155', 'Neutral'),
('P0077', 'O0174', 'L0155', 'Neutral'),
('P0078', 'O0189', 'L0023', 'Away'),
('P0079', 'O0189', 'L0023', 'Away'),
('P0080', 'O0189', 'L0110', 'Neutral'),
('P0081', 'O0189', 'L0110', 'Neutral'),
('P0082', 'O0222', 'L0117', 'Neutral'),
('P0083', 'O0222', 'L0117', 'Neutral'),
('P0084', 'O0226', 'L0155', 'Neutral'),
('P0085', 'O0232', 'L0074', 'Away'),
('P0086', 'O0232', 'L0074', 'Away'),
('P0087', 'O0242', 'L0024', 'Neutral'),
('P0088', 'O0243', 'L0035', 'Home'),
('P0089', 'O0243', 'L0035', 'Home'),
('P0090', 'O0263', 'L0035', 'Home'),
('P0091', 'O0263', 'L0035', 'Home'),
('P0092', 'O0266', 'L0079', 'Neutral'),
('P0093', 'O0287', 'L0109', 'Neutral'),
('P0094', 'O0290', 'L0035', 'Home'),
('P0095', 'O0290', 'L0035', 'Home'),
('P0096', 'O0291', 'L0035', 'Home'),
('P0097', 'O0291', 'L0035', 'Home'),
('P0098', 'O0292', 'L0027', 'Away'),
('P0099', 'O0292', 'L0027', 'Away'),
('P0100', 'O0292', 'L0116', 'Neutral'),
('P0101', 'O0294', 'L0155', 'Away'),
('P0102', 'O0304', 'L0035', 'Home'),
('P0103', 'O0304', 'L0035', 'Home'),
('P0104', 'O0304', 'L0110', 'Neutral'),
('P0105', 'O0325', 'L0118', 'Away'),
('P0106', 'O0325', 'L0118', 'Away'),
('P0107', 'O0032', 'L0036', 'Home'),
('P0108', 'O0032', 'L0036', 'Home'),
('P0109', 'O0040', 'L0109', 'Neutral'),
('P0110', 'O0059', 'L0056', 'Neutral'),
('P0111', 'O0061', 'L0036', 'Home'),
('P0112', 'O0061', 'L0036', 'Home'),
('P0113', 'O0070', 'L0099', 'Away'),
('P0114', 'O0070', 'L0099', 'Away'),
('P0115', 'O0072', 'L0109', 'Neutral'),
('P0116', 'O0077', 'L0056', 'Away'),
('P0117', 'O0081', 'L0127', 'Away'),
('P0118', 'O0081', 'L0127', 'Away'),
('P0119', 'O0088', 'L0127', 'Away'),
('P0120', 'O0088', 'L0127', 'Away'),
('P0121', 'O0088', 'L0080', 'Neutral'),
('P0122', 'O0088', 'L0080', 'Neutral'),
('P0123', 'O0094', 'L0036', 'Home'),
('P0124', 'O0094', 'L0036', 'Home'),
('P0125', 'O0102', 'L0079', 'Neutral'),
('P0126', 'O0106', 'L0036', 'Home'),
('P0127', 'O0106', 'L0036', 'Home'),
('P0128', 'O0106', 'L0080', 'Neutral'),
('P0129', 'O0113', 'L0056', 'Neutral'),
('P0130', 'O0139', 'L0036', 'Home'),
('P0131', 'O0139', 'L0036', 'Home'),
('P0132', 'O0156', 'L0077', 'Away'),
('P0133', 'O0156', 'L0077', 'Away'),
('P0134', 'O0166', 'L0109', 'Neutral'),
('P0135', 'O0173', 'L0012', 'Away'),
('P0136', 'O0173', 'L0012', 'Away'),
('P0137', 'O0189', 'L0036', 'Home'),
('P0138', 'O0189', 'L0036', 'Home'),
('P0139', 'O0230', 'L0109', 'Neutral'),
('P0140', 'O0243', 'L0133', 'Away'),
('P0141', 'O0243', 'L0133', 'Away'),
('P0142', 'O0247', 'L0079', 'Neutral'),
('P0143', 'O0248', 'L0079', 'Neutral'),
('P0144', 'O0272', 'L0036', 'Home'),
('P0145', 'O0272', 'L0036', 'Home'),
('P0146', 'O0290', 'L0012', 'Away'),
('P0147', 'O0290', 'L0012', 'Away'),
('P0148', 'O0292', 'L0035', 'Home'),
('P0149', 'O0292', 'L0035', 'Home'),
('P0150', 'O0304', 'L0028', 'Away'),
('P0151', 'O0304', 'L0028', 'Away'),
('P0152', 'O0304', 'L0080', 'Neutral'),
('P0153', 'O0307', 'L0036', 'Home'),
('P0154', 'O0307', 'L0036', 'Home'),
('P0155', 'O0307', 'L0079', 'Neutral'),
('P0156', 'O0031', 'L0035', 'Home'),
('P0157', 'O0040', 'L0079', 'Neutral'),
('P0158', 'O0061', 'L0062', 'Neutral'),
('P0159', 'O0061', 'L0062', 'Neutral'),
('P0160', 'O0070', 'L0109', 'Neutral'),
('P0161', 'O0070', 'L0037', 'Home'),
('P0162', 'O0072', 'L0116', 'Neutral'),
('P0163', 'O0073', 'L0116', 'Neutral'),
('P0164', 'O0076', 'L0079', 'Neutral'),
('P0165', 'O0088', 'L0035', 'Home'),
('P0166', 'O0088', 'L0035', 'Home'),
('P0167', 'O0088', 'L0126', 'Away'),
('P0168', 'O0092', 'L0116', 'Neutral'),
('P0169', 'O0094', 'L0062', 'Neutral'),
('P0170', 'O0094', 'L0035', 'Home'),
('P0171', 'O0094', 'L0035', 'Home'),
('P0172', 'O0094', 'L0053', 'Away'),
('P0173', 'O0094', 'L0053', 'Away'),
('P0174', 'O0099', 'L0109', 'Neutral'),
('P0175', 'O0102', 'L0079', 'Neutral'),
('P0176', 'O0106', 'L0006', 'Away'),
('P0177', 'O0106', 'L0006', 'Away'),
('P0178', 'O0106', 'L0126', 'Neutral'),
('P0179', 'O0126', 'L0116', 'Neutral'),
('P0180', 'O0144', 'L0020', 'Away'),
('P0181', 'O0144', 'L0020', 'Away'),
('P0182', 'O0157', 'L0109', 'Neutral'),
('P0183', 'O0189', 'L0023', 'Away'),
('P0184', 'O0189', 'L0023', 'Away'),
('P0185', 'O0189', 'L0126', 'Neutral'),
('P0186', 'O0222', 'L0037', 'Home'),
('P0187', 'O0222', 'L0107', 'Away'),
('P0188', 'O0222', 'L0107', 'Away'),
('P0189', 'O0228', 'L0109', 'Neutral'),
('P0190', 'O0243', 'L0035', 'Home'),
('P0191', 'O0243', 'L0035', 'Home'),
('P0192', 'O0272', 'L0062', 'Neutral'),
('P0193', 'O0272', 'L0142', 'Away'),
('P0194', 'O0272', 'L0142', 'Away'),
('P0195', 'O0287', 'L0079', 'Neutral'),
('P0196', 'O0290', 'L0062', 'Neutral'),
('P0197', 'O0290', 'L0062', 'Neutral'),
('P0198', 'O0291', 'L0035', 'Home'),
('P0199', 'O0291', 'L0035', 'Home'),
('P0200', 'O0292', 'L0027', 'Away'),
('P0201', 'O0292', 'L0027', 'Away'),
('P0202', 'O0294', 'L0109', 'Neutral'),
('P0203', 'O0304', 'L0035', 'Home'),
('P0204', 'O0304', 'L0035', 'Home'),
('P0205', 'O0330', 'L0079', 'Neutral'),
('P0206', 'O0003', 'L0003', 'Home'),
('P0207', 'O0003', 'L0121', 'Home'),
('P0208', 'O0005', 'L0145', 'Away'),
('P0209', 'O0040', 'L0061', 'Home'),
('P0210', 'O0047', 'L0035', 'Home'),
('P0211', 'O0082', 'L0121', 'Home'),
('P0212', 'O0082', 'L0134', 'Away'),
('P0213', 'O0082', 'L0057', 'Home'),
('P0214', 'O0088', 'L0057', 'Away'),
('P0215', 'O0099', 'L0134', 'Away'),
('P0216', 'O0099', 'L0003', 'Home'),
('P0217', 'O0106', 'L0035', 'Home'),
('P0218', 'O0115', 'L0035', 'Home'),
('P0219', 'O0115', 'L0035', 'Home'),
('P0220', 'O0144', 'L0035', 'Home'),
('P0221', 'O0182', 'L0003', 'Home'),
('P0222', 'O0189', 'L0035', 'Home'),
('P0223', 'O0189', 'L0035', 'Home'),
('P0224', 'O0203', 'L0121', 'Home'),
('P0225', 'O0208', 'L0094', 'Home'),
('P0226', 'O0209', 'L0007', 'Home'),
('P0227', 'O0222', 'L0035', 'Home'),
('P0228', 'O0222', 'L0038', 'Home'),
('P0229', 'O0242', 'L0121', 'Home'),
('P0230', 'O0243', 'L0121', 'Away'),
('P0231', 'O0243', 'L0121', 'Away'),
('P0232', 'O0263', 'L0094', 'Home'),
('P0233', 'O0272', 'L0035', 'Home'),
('P0234', 'O0287', 'L0121', 'Home'),
('P0235', 'O0290', 'L0148', 'Home'),
('P0236', 'O0298', 'L0101', 'Home'),
('P0237', 'O0304', 'L0151', 'Away'),
('P0238', 'O0304', 'L0058', 'Away'),
('P0239', 'O0013', 'L0128', 'Away'),
('P0240', 'O0018', 'L0111', 'Away'),
('P0241', 'O0040', 'L0111', 'Away'),
('P0242', 'O0051', 'L0079', 'Away'),
('P0243', 'O0057', 'L0037', 'Home'),
('P0244', 'O0057', 'L0037', 'Home'),
('P0245', 'O0057', 'L0135', 'Away'),
('P0246', 'O0072', 'L0063', 'Away'),
('P0247', 'O0081', 'L0079', 'Away'),
('P0248', 'O0088', 'L0129', 'Away'),
('P0249', 'O0088', 'L0035', 'Home'),
('P0250', 'O0088', 'L0035', 'Home'),
('P0251', 'O0102', 'L0128', 'Away'),
('P0252', 'O0106', 'L0008', 'Away'),
('P0253', 'O0106', 'L0008', 'Away'),
('P0254', 'O0106', 'L0129', 'Away'),
('P0255', 'O0113', 'L0079', 'Away'),
('P0256', 'O0115', 'L0135', 'Away'),
('P0257', 'O0123', 'L0135', 'Away'),
('P0258', 'O0132', 'L0128', 'Away'),
('P0259', 'O0135', 'L0037', 'Home'),
('P0260', 'O0139', 'L0111', 'Away'),
('P0261', 'O0144', 'L0021', 'Away'),
('P0262', 'O0144', 'L0021', 'Away'),
('P0263', 'O0172', 'L0035', 'Home'),
('P0264', 'O0172', 'L0035', 'Home'),
('P0265', 'O0189', 'L0025', 'Home'),
('P0266', 'O0189', 'L0129', 'Away'),
('P0267', 'O0202', 'L0128', 'Away'),
('P0268', 'O0208', 'L0111', 'Away'),
('P0269', 'O0217', 'L0035', 'Home'),
('P0270', 'O0217', 'L0035', 'Home'),
('P0271', 'O0222', 'L0037', 'Home'),
('P0272', 'O0222', 'L0108', 'Away'),
('P0273', 'O0224', 'L0135', 'Away'),
('P0274', 'O0260', 'L0079', 'Away'),
('P0275', 'O0261', 'L0079', 'Away'),
('P0276', 'O0272', 'L0035', 'Home'),
('P0277', 'O0272', 'L0035', 'Home'),
('P0278', 'O0287', 'L0111', 'Away'),
('P0279', 'O0304', 'L0035', 'Home'),
('P0280', 'O0307', 'L0128', 'Away'),
('P0281', 'O0057', 'L0079', 'Away'),
('P0282', 'O0070', 'L0035', 'Home'),
('P0283', 'O0072', 'L0039', 'Home'),
('P0284', 'O0072', 'L0039', 'Home'),
('P0285', 'O0081', 'L0016', 'Away'),
('P0286', 'O0081', 'L0016', 'Away'),
('P0287', 'O0081', 'L0136', 'Away'),
('P0288', 'O0082', 'L0016', 'Away'),
('P0289', 'O0088', 'L0016', 'Away'),
('P0290', 'O0088', 'L0130', 'Away'),
('P0291', 'O0088', 'L0112', 'Away'),
('P0292', 'O0094', 'L0035', 'Home'),
('P0293', 'O0106', 'L0039', 'Home'),
('P0294', 'O0115', 'L0137', 'Away'),
('P0295', 'O0171', 'L0035', 'Home'),
('P0296', 'O0171', 'L0035', 'Home'),
('P0297', 'O0172', 'L0012', 'Away'),
('P0298', 'O0205', 'L0137', 'Away'),
('P0299', 'O0212', 'L0136', 'Away'),
('P0300', 'O0242', 'L0137', 'Away'),
('P0301', 'O0243', 'L0137', 'Away'),
('P0302', 'O0262', 'L0128', 'Away'),
('P0303', 'O0272', 'L0037', 'Home'),
('P0304', 'O0272', 'L0143', 'Away'),
('P0305', 'O0277', 'L0128', 'Away'),
('P0306', 'O0277', 'L0079', 'Away'),
('P0307', 'O0287', 'L0136', 'Away'),
('P0308', 'O0290', 'L0035', 'Home'),
('P0309', 'O0290', 'L0035', 'Home'),
('P0310', 'O0304', 'L0029', 'Away'),
('P0311', 'O0304', 'L0029', 'Away'),
('P0312', 'O0304', 'L0112', 'Away'),
('P0313', 'O0319', 'L0137', 'Away'),
('P0314', 'O0027', 'L0054', 'Home'),
('P0315', 'O0027', 'L0054', 'Away'),
('P0316', 'O0027', 'L0055', 'Away'),
('P0317', 'O0035', 'L0104', 'Away'),
('P0318', 'O0061', 'L0091', 'Away'),
('P0319', 'O0075', 'L0079', 'Away'),
('P0320', 'O0076', 'L0146', 'Home'),
('P0321', 'O0076', 'L0147', 'Home'),
('P0322', 'O0088', 'L0131', 'Away'),
('P0323', 'O0094', 'L0055', 'Away'),
('P0324', 'O0094', 'L0054', 'Away'),
('P0325', 'O0094', 'L0054', 'Away'),
('P0326', 'O0099', 'L0131', 'Away'),
('P0327', 'O0103', 'L0104', 'Away'),
('P0328', 'O0103', 'L0079', 'Away'),
('P0329', 'O0106', 'L0079', 'Away'),
('P0330', 'O0106', 'L0008', 'Away'),
('P0331', 'O0106', 'L0006', 'Away'),
('P0332', 'O0106', 'L0025', 'Home'),
('P0333', 'O0106', 'L0129', 'Away'),
('P0334', 'O0113', 'L0079', 'Away'),
('P0335', 'O0118', 'L0104', 'Away'),
('P0336', 'O0135', 'L0100', 'Away'),
('P0337', 'O0135', 'L0100', 'Away'),
('P0338', 'O0161', 'L0104', 'Away'),
('P0339', 'O0161', 'L0079', 'Away'),
('P0340', 'O0189', 'L0026', 'Away'),
('P0341', 'O0189', 'L0026', 'Away'),
('P0342', 'O0189', 'L0025', 'Away'),
('P0343', 'O0189', 'L0025', 'Away'),
('P0344', 'O0217', 'L0131', 'Away'),
('P0345', 'O0237', 'L0146', 'Away'),
('P0346', 'O0239', 'L0137', 'Away'),
('P0347', 'O0241', 'L0055', 'Away'),
('P0348', 'O0241', 'L0055', 'Away'),
('P0349', 'O0250', 'L0035', 'Home'),
('P0350', 'O0250', 'L0035', 'Home'),
('P0351', 'O0262', 'L0131', 'Away'),
('P0352', 'O0272', 'L0035', 'Home'),
('P0353', 'O0272', 'L0035', 'Home'),
('P0354', 'O0272', 'L0012', 'Away'),
('P0355', 'O0272', 'L0012', 'Away'),
('P0356', 'O0304', 'L0026', 'Away'),
('P0357', 'O0304', 'L0035', 'Home'),
('P0358', 'O0304', 'L0129', 'Away'),
('P0359', 'O0321', 'L0079', 'Away'),
('P0360', 'O0021', 'L0005', 'Away'),
('P0361', 'O0021', 'L0005', 'Away'),
('P0362', 'O0058', 'L0035', 'Home'),
('P0363', 'O0058', 'L0035', 'Home'),
('P0364', 'O0071', 'L0005', 'Away'),
('P0365', 'O0083', 'L0105', 'Home'),
('P0366', 'O0088', 'L0132', 'Away'),
('P0367', 'O0088', 'L0132', 'Away'),
('P0368', 'O0094', 'L0035', 'Home'),
('P0369', 'O0094', 'L0035', 'Home'),
('P0370', 'O0097', 'L0035', 'Home'),
('P0371', 'O0097', 'L0035', 'Home'),
('P0372', 'O0101', 'L0005', 'Home'),
('P0373', 'O0106', 'L0035', 'Home'),
('P0374', 'O0106', 'L0035', 'Home'),
('P0375', 'O0108', 'L0081', 'Home'),
('P0376', 'O0116', 'L0035', 'Home'),
('P0377', 'O0125', 'L0138', 'Home'),
('P0378', 'O0131', 'L0035', 'Home'),
('P0379', 'O0131', 'L0035', 'Home'),
('P0380', 'O0153', 'L0035', 'Home'),
('P0381', 'O0153', 'L0035', 'Home'),
('P0382', 'O0162', 'L0105', 'Home'),
('P0383', 'O0173', 'L0035', 'Home'),
('P0384', 'O0173', 'L0035', 'Home'),
('P0385', 'O0189', 'L0035', 'Home'),
('P0386', 'O0189', 'L0035', 'Home'),
('P0387', 'O0191', 'L0132', 'Away'),
('P0388', 'O0213', 'L0105', 'Home'),
('P0389', 'O0227', 'L0138', 'Home'),
('P0390', 'O0240', 'L0138', 'Home'),
('P0391', 'O0244', 'L0138', 'Home'),
('P0392', 'O0265', 'L0105', 'Home'),
('P0393', 'O0267', 'L0081', 'Home'),
('P0394', 'O0272', 'L0035', 'Home'),
('P0395', 'O0272', 'L0035', 'Home'),
('P0396', 'O0278', 'L0081', 'Home'),
('P0397', 'O0288', 'L0105', 'Home'),
('P0398', 'O0290', 'L0035', 'Home'),
('P0399', 'O0290', 'L0035', 'Home'),
('P0400', 'O0304', 'L0030', 'Away'),
('P0401', 'O0304', 'L0030', 'Away'),
('P0402', 'O0306', 'L0132', 'Home'),
('P0403', 'O0306', 'L0132', 'Away'),
('P0404', 'O0322', 'L0081', 'Home'),
('P0405', 'O0003', 'L0035', 'Home'),
('P0406', 'O0003', 'L0035', 'Home'),
('P0407', 'O0011', 'L0005', 'Home'),
('P0408', 'O0020', 'L0035', 'Home'),
('P0409', 'O0028', 'L0035', 'Away'),
('P0410', 'O0056', 'L0035', 'Home'),
('P0411', 'O0061', 'L0091', 'Away'),
('P0412', 'O0061', 'L0091', 'Away'),
('P0413', 'O0067', 'L0035', 'Home'),
('P0414', 'O0086', 'L0083', 'Home'),
('P0415', 'O0086', 'L0083', 'Home'),
('P0416', 'O0088', 'L0035', 'Home'),
('P0417', 'O0088', 'L0035', 'Home'),
('P0418', 'O0094', 'L0054', 'Away'),
('P0419', 'O0094', 'L0054', 'Away'),
('P0420', 'O0100', 'L0005', 'Home'),
('P0421', 'O0100', 'L0005', 'Home'),
('P0422', 'O0105', 'L0132', 'Home'),
('P0423', 'O0106', 'L0008', 'Away'),
('P0424', 'O0106', 'L0008', 'Away'),
('P0425', 'O0107', 'L0132', 'Away'),
('P0426', 'O0117', 'L0138', 'Home'),
('P0427', 'O0131', 'L0065', 'Away'),
('P0428', 'O0131', 'L0065', 'Away'),
('P0429', 'O0154', 'L0035', 'Home'),
('P0430', 'O0160', 'L0132', 'Home'),
('P0431', 'O0164', 'L0083', 'Home'),
('P0432', 'O0180', 'L0132', 'Away'),
('P0433', 'O0189', 'L0025', 'Away'),
('P0434', 'O0189', 'L0025', 'Away'),
('P0435', 'O0190', 'L0132', 'Away'),
('P0436', 'O0192', 'L0132', 'Home'),
('P0437', 'O0194', 'L0113', 'Away'),
('P0438', 'O0194', 'L0113', 'Away'),
('P0439', 'O0206', 'L0132', 'Away'),
('P0440', 'O0220', 'L0035', 'Home'),
('P0441', 'O0220', 'L0035', 'Home'),
('P0442', 'O0229', 'L0138', 'Home'),
('P0443', 'O0231', 'L0035', 'Home'),
('P0444', 'O0231', 'L0035', 'Home'),
('P0445', 'O0236', 'L0132', 'Home'),
('P0446', 'O0249', 'L0035', 'Home'),
('P0447', 'O0249', 'L0035', 'Home'),
('P0448', 'O0253', 'L0035', 'Home'),
('P0449', 'O0253', 'L0035', 'Home'),
('P0450', 'O0259', 'L0083', 'Home'),
('P0451', 'O0259', 'L0083', 'Home'),
('P0452', 'O0264', 'L0138', 'Home'),
('P0453', 'O0264', 'L0138', 'Home'),
('P0454', 'O0272', 'L0143', 'Away'),
('P0455', 'O0272', 'L0143', 'Home'),
('P0456', 'O0279', 'L0132', 'Home'),
('P0457', 'O0281', 'L0138', 'Home'),
('P0458', 'O0295', 'L0005', 'Home'),
('P0459', 'O0303', 'L0035', 'Home'),
('P0460', 'O0303', 'L0035', 'Home'),
('P0461', 'O0304', 'L0035', 'Home'),
('P0462', 'O0304', 'L0035', 'Home'),
('P0463', 'O0305', 'L0132', 'Away'),
('P0464', 'O0326', 'L0005', 'Home'),
('P0465', 'O0003', 'L0147', 'Away'),
('P0466', 'O0003', 'L0147', 'Away'),
('P0467', 'O0088', 'L0132', 'Away'),
('P0468', 'O0088', 'L0132', 'Away'),
('P0469', 'O0088', 'L0132', 'Away'),
('P0470', 'O0099', 'L0005', 'Away'),
('P0471', 'O0099', 'L0005', 'Away'),
('P0472', 'O0307', 'L0013', 'Home'),
('P0473', 'O0304', 'L0030', 'Away'),
('P0474', 'O0304', 'L0030', 'Away'),
('P0475', 'O0304', 'L0030', 'Home'),
('P0476', 'O0016', 'L0035', 'Home'),
('P0477', 'O0054', 'L0035', 'Home'),
('P0478', 'O0055', 'L0035', 'Home'),
('P0479', 'O0062', 'L0035', 'Home'),
('P0480', 'O0063', 'L0035', 'Home'),
('P0481', 'O0065', 'L0035', 'Home'),
('P0482', 'O0066', 'L0035', 'Home'),
('P0483', 'O0089', 'L0035', 'Home'),
('P0484', 'O0095', 'L0035', 'Home'),
('P0485', 'O0096', 'L0035', 'Home'),
('P0486', 'O0109', 'L0035', 'Home'),
('P0487', 'O0110', 'L0035', 'Home'),
('P0488', 'O0151', 'L0035', 'Home'),
('P0489', 'O0152', 'L0035', 'Home'),
('P0490', 'O0177', 'L0035', 'Home'),
('P0491', 'O0181', 'L0035', 'Home'),
('P0492', 'O0189', 'L0035', 'Home'),
('P0493', 'O0196', 'L0035', 'Home'),
('P0494', 'O0197', 'L0035', 'Home'),
('P0495', 'O0273', 'L0035', 'Home'),
('P0496', 'O0274', 'L0035', 'Home'),
('P0497', 'O0306', 'L0035', 'Home'),
('P0498', 'O0308', 'L0035', 'Home'),
('P0499', 'O0309', 'L0132', 'Home'),
('P0500', 'O0310', 'L0132', 'Away'),
('P0501', 'O0311', 'L0147', 'Home'),
('P0502', 'O0311', 'L0147', 'Home'),
('P0503', 'O0312', 'L0005', 'Away'),
('P0504', 'O0313', 'L0147', 'Home'),
('P0505', 'O0314', 'L0005', 'Away'),
('P0506', 'O0315', 'L0132', 'Away'),
('P0507', 'O0316', 'L0132', 'Away'),
('P0508', 'O0317', 'L0132', 'Away'),
('P0509', 'O0318', 'L0005', 'Away'),
('P0510', 'O0005', 'L0097', 'Away'),
('P0511', 'O0019', 'L0018', 'Away'),
('P0512', 'O0019', 'L0031', 'Away'),
('P0513', 'O0019', 'L0018', 'Away'),
('P0514', 'O0027', 'L0038', 'Home'),
('P0515', 'O0027', 'L0038', 'Home'),
('P0516', 'O0037', 'L0097', 'Away'),
('P0517', 'O0038', 'L0097', 'Away'),
('P0518', 'O0046', 'L0124', 'Away'),
('P0519', 'O0059', 'L0152', 'Away'),
('P0520', 'O0061', 'L0092', 'Away'),
('P0521', 'O0061', 'L0092', 'Away'),
('P0522', 'O0064', 'L0038', 'Home'),
('P0523', 'O0064', 'L0038', 'Home'),
('P0524', 'O0088', 'L0127', 'Away'),
('P0525', 'O0088', 'L0038', 'Home'),
('P0526', 'O0088', 'L0038', 'Home'),
('P0527', 'O0088', 'L0038', 'Home'),
('P0528', 'O0094', 'L0152', 'Home'),
('P0529', 'O0094', 'L0038', 'Home'),
('P0530', 'O0094', 'L0038', 'Home'),
('P0531', 'O0097', 'L0038', 'Home'),
('P0532', 'O0097', 'L0038', 'Home'),
('P0533', 'O0102', 'L0124', 'Away'),
('P0534', 'O0106', 'L0006', 'Away'),
('P0535', 'O0106', 'L0006', 'Away'),
('P0536', 'O0106', 'L0006', 'Away'),
('P0537', 'O0131', 'L0152', 'Away'),
('P0538', 'O0131', 'L0066', 'Away'),
('P0539', 'O0131', 'L0066', 'Away'),
('P0540', 'O0147', 'L0124', 'Away'),
('P0541', 'O0147', 'L0124', 'Away'),
('P0542', 'O0159', 'L0127', 'Away'),
('P0543', 'O0173', 'L0038', 'Home'),
('P0544', 'O0173', 'L0038', 'Home'),
('P0545', 'O0176', 'L0038', 'Home'),
('P0546', 'O0176', 'L0038', 'Home'),
('P0547', 'O0188', 'L0152', 'Away'),
('P0548', 'O0189', 'L0025', 'Away'),
('P0549', 'O0189', 'L0025', 'Away'),
('P0550', 'O0189', 'L0025', 'Away'),
('P0551', 'O0191', 'L0025', 'Away'),
('P0552', 'O0194', 'L0113', 'Away'),
('P0553', 'O0194', 'L0113', 'Away'),
('P0554', 'O0194', 'L0113', 'Away'),
('P0555', 'O0255', 'L0097', 'Away'),
('P0556', 'O0270', 'L0097', 'Away'),
('P0557', 'O0272', 'L0011', 'Away'),
('P0558', 'O0272', 'L0011', 'Away'),
('P0559', 'O0276', 'L0124', 'Away'),
('P0560', 'O0287', 'L0097', 'Away'),
('P0561', 'O0304', 'L0038', 'Home'),
('P0562', 'O0304', 'L0038', 'Home'),
('P0563', 'O0304', 'L0038', 'Home'),
('P0564', 'O0307', 'L0038', 'Home'),
('P0565', 'O0307', 'L0035', 'Home'),
('P0566', 'O0308', 'L0025', 'Away'),
('P0567', 'O0323', 'L0127', 'Away'),
('P0568', 'O0323', 'L0132', 'Away'),
('P0569', 'O0009', 'L0138', 'Home'),
('P0570', 'O0019', 'L0035', 'Home'),
('P0571', 'O0019', 'L0035', 'Home'),
('P0572', 'O0019', 'L0035', 'Home'),
('P0573', 'O0036', 'L0098', 'Home'),
('P0574', 'O0043', 'L0035', 'Home'),
('P0575', 'O0043', 'L0035', 'Home'),
('P0576', 'O0044', 'L0138', 'Home'),
('P0577', 'O0064', 'L0035', 'Home'),
('P0578', 'O0064', 'L0035', 'Home'),
('P0579', 'O0072', 'L0017', 'Away'),
('P0580', 'O0088', 'L0132', 'Away'),
('P0581', 'O0088', 'L0132', 'Away'),
('P0582', 'O0088', 'L0132', 'Away'),
('P0583', 'O0088', 'L0132', 'Away'),
('P0584', 'O0097', 'L0035', 'Home'),
('P0585', 'O0097', 'L0035', 'Home'),
('P0586', 'O0098', 'L0153', 'Away'),
('P0587', 'O0098', 'L0153', 'Away'),
('P0588', 'O0098', 'L0035', 'Home'),
('P0589', 'O0098', 'L0035', 'Home'),
('P0590', 'O0106', 'L0035', 'Home'),
('P0591', 'O0106', 'L0035', 'Home'),
('P0592', 'O0106', 'L0132', 'Away'),
('P0593', 'O0144', 'L0017', 'Home'),
('P0594', 'O0147', 'L0035', 'Home'),
('P0595', 'O0148', 'L0098', 'Home'),
('P0596', 'O0159', 'L0017', 'Away'),
('P0597', 'O0159', 'L0017', 'Away'),
('P0598', 'O0175', 'L0035', 'Home'),
('P0599', 'O0175', 'L0035', 'Home'),
('P0600', 'O0179', 'L0035', 'Home'),
('P0601', 'O0179', 'L0035', 'Home'),
('P0602', 'O0179', 'L0035', 'Home'),
('P0603', 'O0179', 'L0132', 'Away'),
('P0604', 'O0184', 'L0098', 'Home'),
('P0605', 'O0185', 'L0138', 'Home'),
('P0606', 'O0189', 'L0035', 'Home'),
('P0607', 'O0189', 'L0035', 'Home'),
('P0608', 'O0189', 'L0034', 'Home'),
('P0609', 'O0218', 'L0035', 'Home'),
('P0610', 'O0218', 'L0035', 'Home'),
('P0611', 'O0222', 'L0035', 'Home'),
('P0612', 'O0228', 'L0035', 'Away'),
('P0613', 'O0252', 'L0017', 'Away'),
('P0614', 'O0268', 'L0098', 'Away'),
('P0615', 'O0272', 'L0035', 'Home'),
('P0616', 'O0272', 'L0035', 'Home'),
('P0617', 'O0286', 'L0098', 'Away'),
('P0618', 'O0290', 'L0012', 'Away'),
('P0619', 'O0290', 'L0012', 'Away'),
('P0620', 'O0296', 'L0098', 'Home'),
('P0621', 'O0298', 'L0138', 'Home'),
('P0622', 'O0304', 'L0030', 'Away'),
('P0623', 'O0304', 'L0030', 'Away'),
('P0624', 'O0304', 'L0030', 'Away'),
('P0625', 'O0307', 'L0013', 'Away'),
('P0626', 'O0307', 'L0013', 'Away'),
('P0627', 'O0307', 'L0013', 'Away'),
('P0628', 'O0019', 'L0019', 'Away'),
('P0629', 'O0019', 'L0019', 'Away'),
('P0630', 'O0019', 'L0019', 'Away'),
('P0631', 'O0019', 'L0035', 'Away'),
('P0632', 'O0051', 'L0087', 'Away'),
('P0633', 'O0051', 'L0087', 'Away'),
('P0634', 'O0053', 'L0035', 'Home'),
('P0635', 'O0064', 'L0035', 'Home'),
('P0636', 'O0064', 'L0035', 'Home'),
('P0637', 'O0075', 'L0087', 'Away'),
('P0638', 'O0075', 'L0087', 'Home'),
('P0639', 'O0081', 'L0095', 'Home'),
('P0640', 'O0088', 'L0035', 'Home'),
('P0641', 'O0088', 'L0035', 'Home'),
('P0642', 'O0088', 'L0035', 'Home'),
('P0643', 'O0090', 'L0035', 'Home'),
('P0644', 'O0097', 'L0035', 'Home'),
('P0645', 'O0097', 'L0035', 'Home'),
('P0646', 'O0098', 'L0035', 'Home'),
('P0647', 'O0098', 'L0035', 'Home'),
('P0648', 'O0106', 'L0008', 'Away'),
('P0649', 'O0106', 'L0008', 'Away'),
('P0650', 'O0106', 'L0008', 'Away'),
('P0651', 'O0131', 'L0035', 'Home'),
('P0652', 'O0131', 'L0035', 'Home'),
('P0653', 'O0138', 'L0035', 'Home'),
('P0654', 'O0155', 'L0017', 'Home'),
('P0655', 'O0159', 'L0017', 'Away'),
('P0656', 'O0159', 'L0017', 'Home'),
('P0657', 'O0186', 'L0035', 'Home'),
('P0658', 'O0189', 'L0025', 'Away'),
('P0659', 'O0189', 'L0025', 'Away'),
('P0660', 'O0189', 'L0025', 'Away'),
('P0661', 'O0194', 'L0113', 'Away'),
('P0662', 'O0194', 'L0113', 'Away'),
('P0663', 'O0194', 'L0113', 'Away'),
('P0664', 'O0201', 'L0017', 'Home'),
('P0665', 'O0218', 'L0149', 'Away'),
('P0666', 'O0218', 'L0149', 'Away'),
('P0667', 'O0219', 'L0035', 'Home'),
('P0668', 'O0219', 'L0035', 'Home'),
('P0669', 'O0239', 'L0035', 'Home'),
('P0670', 'O0254', 'L0035', 'Home'),
('P0671', 'O0272', 'L0012', 'Away'),
('P0672', 'O0272', 'L0012', 'Away'),
('P0673', 'O0285', 'L0095', 'Home'),
('P0674', 'O0290', 'L0035', 'Home'),
('P0675', 'O0290', 'L0035', 'Home'),
('P0676', 'O0290', 'L0035', 'Home'),
('P0677', 'O0301', 'L0035', 'Home'),
('P0678', 'O0302', 'L0095', 'Home'),
('P0679', 'O0303', 'L0095', 'Away'),
('P0680', 'O0304', 'L0035', 'Home'),
('P0681', 'O0304', 'L0035', 'Home'),
('P0682', 'O0304', 'L0035', 'Home'),
('P0683', 'O0307', 'L0035', 'Home'),
('P0684', 'O0307', 'L0035', 'Home'),
('P0685', 'O0307', 'L0035', 'Home'),
('P0686', 'O0307', 'L0035', 'Away'),
('P0687', 'O0019', 'L0035', 'Home'),
('P0688', 'O0019', 'L0035', 'Home'),
('P0689', 'O0019', 'L0035', 'Home'),
('P0690', 'O0039', 'L0098', 'Home'),
('P0691', 'O0042', 'L0046', 'Home'),
('P0692', 'O0042', 'L0046', 'Home'),
('P0693', 'O0060', 'L0035', 'Home'),
('P0694', 'O0060', 'L0035', 'Home'),
('P0695', 'O0061', 'L0035', 'Away'),
('P0696', 'O0064', 'L0035', 'Home'),
('P0697', 'O0064', 'L0035', 'Home'),
('P0698', 'O0082', 'L0017', 'Away'),
('P0699', 'O0088', 'L0132', 'Away'),
('P0700', 'O0088', 'L0132', 'Away'),
('P0701', 'O0088', 'L0132', 'Away'),
('P0702', 'O0090', 'L0035', 'Home'),
('P0703', 'O0091', 'L0098', 'Home'),
('P0704', 'O0093', 'L0035', 'Home'),
('P0705', 'O0097', 'L0035', 'Home'),
('P0706', 'O0097', 'L0035', 'Home'),
('P0707', 'O0106', 'L0035', 'Home'),
('P0708', 'O0106', 'L0035', 'Home'),
('P0709', 'O0114', 'L0098', 'Away'),
('P0710', 'O0115', 'L0035', 'Home'),
('P0711', 'O0115', 'L0035', 'Home'),
('P0712', 'O0119', 'L0035', 'Home'),
('P0713', 'O0134', 'L0046', 'Away'),
('P0714', 'O0144', 'L0017', 'Home'),
('P0715', 'O0149', 'L0035', 'Home'),
('P0716', 'O0155', 'L0017', 'Home'),
('P0717', 'O0159', 'L0017', 'Away'),
('P0718', 'O0176', 'L0035', 'Home'),
('P0719', 'O0184', 'L0098', 'Home'),
('P0720', 'O0189', 'L0035', 'Home'),
('P0721', 'O0189', 'L0035', 'Home'),
('P0722', 'O0189', 'L0035', 'Home'),
('P0723', 'O0194', 'L0035', 'Home'),
('P0724', 'O0194', 'L0035', 'Home'),
('P0725', 'O0194', 'L0035', 'Home'),
('P0726', 'O0203', 'L0035', 'Home'),
('P0727', 'O0218', 'L0035', 'Home'),
('P0728', 'O0218', 'L0035', 'Home'),
('P0729', 'O0219', 'L0017', 'Away'),
('P0730', 'O0239', 'L0035', 'Home'),
('P0731', 'O0257', 'L0046', 'Away'),
('P0732', 'O0272', 'L0035', 'Home'),
('P0733', 'O0284', 'L0098', 'Away'),
('P0734', 'O0286', 'L0098', 'Away'),
('P0735', 'O0304', 'L0030', 'Away'),
('P0736', 'O0304', 'L0030', 'Away'),
('P0737', 'O0304', 'L0030', 'Away'),
('P0738', 'O0307', 'L0013', 'Away'),
('P0739', 'O0307', 'L0013', 'Away'),
('P0740', 'O0307', 'L0013', 'Away'),
('P0741', 'O0307', 'L0113', 'Home'),
('P0742', 'O0002', 'L0070', 'Home'),
('P0743', 'O0003', 'L0042', 'Away'),
('P0744', 'O0019', 'L0031', 'Away'),
('P0745', 'O0019', 'L0031', 'Away'),
('P0746', 'O0053', 'L0070', 'Home'),
('P0747', 'O0060', 'L0138', 'Home'),
('P0748', 'O0064', 'L0035', 'Home'),
('P0749', 'O0064', 'L0035', 'Home'),
('P0750', 'O0082', 'L0017', 'Home'),
('P0751', 'O0084', 'L0138', 'Home'),
('P0752', 'O0088', 'L0035', 'Home'),
('P0753', 'O0088', 'L0035', 'Home'),
('P0754', 'O0088', 'L0035', 'Home'),
('P0755', 'O0088', 'L0013', 'Away'),
('P0756', 'O0090', 'L0035', 'Away'),
('P0757', 'O0090', 'L0035', 'Home'),
('P0758', 'O0097', 'L0035', 'Home'),
('P0759', 'O0097', 'L0035', 'Home'),
('P0760', 'O0106', 'L0008', 'Away'),
('P0761', 'O0106', 'L0008', 'Away'),
('P0762', 'O0106', 'L0008', 'Away'),
('P0763', 'O0115', 'L0035', 'Home'),
('P0764', 'O0115', 'L0035', 'Home'),
('P0765', 'O0119', 'L0035', 'Home'),
('P0766', 'O0119', 'L0035', 'Home'),
('P0767', 'O0127', 'L0042', 'Home'),
('P0768', 'O0131', 'L0035', 'Home'),
('P0769', 'O0131', 'L0035', 'Home'),
('P0770', 'O0134', 'L0017', 'Home'),
('P0771', 'O0145', 'L0035', 'Home'),
('P0772', 'O0145', 'L0035', 'Home'),
('P0773', 'O0159', 'L0042', 'Home'),
('P0774', 'O0167', 'L0017', 'Home'),
('P0775', 'O0167', 'L0017', 'Away'),
('P0776', 'O0168', 'L0042', 'Home'),
('P0777', 'O0176', 'L0035', 'Home'),
('P0778', 'O0176', 'L0035', 'Home'),
('P0779', 'O0189', 'L0025', 'Away'),
('P0780', 'O0189', 'L0025', 'Away'),
('P0781', 'O0189', 'L0025', 'Away'),
('P0782', 'O0194', 'L0113', 'Away'),
('P0783', 'O0194', 'L0113', 'Away'),
('P0784', 'O0194', 'L0113', 'Away'),
('P0785', 'O0201', 'L0138', 'Home'),
('P0786', 'O0214', 'L0138', 'Neutral'),
('P0787', 'O0219', 'L0017', 'Home'),
('P0788', 'O0222', 'L0035', 'Home'),
('P0789', 'O0222', 'L0035', 'Home'),
('P0790', 'O0262', 'L0035', 'Away'),
('P0791', 'O0270', 'L0138', 'Home'),
('P0792', 'O0272', 'L0035', 'Home'),
('P0793', 'O0272', 'L0012', 'Away'),
('P0794', 'O0285', 'L0042', 'Home'),
('P0795', 'O0304', 'L0035', 'Home'),
('P0796', 'O0304', 'L0035', 'Home'),
('P0797', 'O0307', 'L0035', 'Home'),
('P0798', 'O0307', 'L0035', 'Home'),
('P0799', 'O0307', 'L0035', 'Home'),
('P0800', 'O0015', 'L0035', 'Home'),
('P0801', 'O0015', 'L0035', 'Home'),
('P0802', 'O0019', 'L0035', 'Home'),
('P0803', 'O0019', 'L0035', 'Home'),
('P0804', 'O0019', 'L0035', 'Home'),
('P0805', 'O0052', 'L0138', 'Away'),
('P0806', 'O0057', 'L0017', 'Away'),
('P0807', 'O0064', 'L0035', 'Home'),
('P0808', 'O0064', 'L0035', 'Home'),
('P0809', 'O0072', 'L0005', 'Home'),
('P0810', 'O0072', 'L0035', 'Home'),
('P0811', 'O0072', 'L0035', 'Home'),
('P0812', 'O0072', 'L0035', 'Home'),
('P0813', 'O0072', 'L0035', 'Home'),
('P0814', 'O0088', 'L0132', 'Away'),
('P0815', 'O0088', 'L0132', 'Away'),
('P0816', 'O0088', 'L0132', 'Away'),
('P0817', 'O0090', 'L0035', 'Home'),
('P0818', 'O0090', 'L0035', 'Home'),
('P0819', 'O0098', 'L0035', 'Home'),
('P0820', 'O0098', 'L0035', 'Home'),
('P0821', 'O0099', 'L0005', 'Away'),
('P0822', 'O0106', 'L0035', 'Home'),
('P0823', 'O0106', 'L0035', 'Home'),
('P0824', 'O0106', 'L0035', 'Home'),
('P0825', 'O0112', 'L0035', 'Home'),
('P0826', 'O0121', 'L0095', 'Away'),
('P0827', 'O0122', 'L0005', 'Away'),
('P0828', 'O0122', 'L0095', 'Home'),
('P0829', 'O0127', 'L0005', 'Home'),
('P0830', 'O0130', 'L0017', 'Home'),
('P0831', 'O0133', 'L0017', 'Away'),
('P0832', 'O0138', 'L0035', 'Away'),
('P0833', 'O0140', 'L0005', 'Home'),
('P0834', 'O0145', 'L0095', 'Home'),
('P0835', 'O0179', 'L0035', 'Home'),
('P0836', 'O0179', 'L0035', 'Home'),
('P0837', 'O0179', 'L0006', 'Home'),
('P0838', 'O0182', 'L0138', 'Home'),
('P0839', 'O0189', 'L0035', 'Home'),
('P0840', 'O0189', 'L0035', 'Home'),
('P0841', 'O0189', 'L0035', 'Home'),
('P0842', 'O0189', 'L0008', 'Home'),
('P0843', 'O0205', 'L0095', 'Home'),
('P0844', 'O0219', 'L0017', 'Home'),
('P0845', 'O0219', 'L0017', 'Home'),
('P0846', 'O0222', 'L0035', 'Home'),
('P0847', 'O0225', 'L0138', 'Home'),
('P0848', 'O0234', 'L0138', 'Home'),
('P0849', 'O0252', 'L0138', 'Home'),
('P0850', 'O0263', 'L0095', 'Home'),
('P0851', 'O0298', 'L0035', 'Home'),
('P0852', 'O0303', 'L0035', 'Away'),
('P0853', 'O0303', 'L0035', 'Away'),
('P0854', 'O0304', 'L0030', 'Away'),
('P0855', 'O0304', 'L0030', 'Away'),
('P0856', 'O0307', 'L0013', 'Away'),
('P0857', 'O0307', 'L0013', 'Away'),
('P0858', 'O0307', 'L0013', 'Away'),
('P0859', 'O0003', 'L0147', 'Away'),
('P0860', 'O0003', 'L0147', 'Home'),
('P0861', 'O0019', 'L0031', 'Away'),
('P0862', 'O0019', 'L0031', 'Away'),
('P0863', 'O0019', 'L0031', 'Away'),
('P0864', 'O0022', 'L0032', 'Home'),
('P0865', 'O0030', 'L0032', 'Home'),
('P0866', 'O0041', 'L0032', 'Home'),
('P0867', 'O0064', 'L0035', 'Home'),
('P0868', 'O0064', 'L0035', 'Home'),
('P0869', 'O0081', 'L0032', 'Home'),
('P0870', 'O0082', 'L0017', 'Home'),
('P0871', 'O0084', 'L0059', 'Away'),
('P0872', 'O0084', 'L0059', 'Away'),
('P0873', 'O0088', 'L0035', 'Home'),
('P0874', 'O0088', 'L0035', 'Home'),
('P0875', 'O0088', 'L0035', 'Home'),
('P0876', 'O0094', 'L0035', 'Home'),
('P0877', 'O0094', 'L0035', 'Home'),
('P0878', 'O0106', 'L0008', 'Away'),
('P0879', 'O0106', 'L0008', 'Away'),
('P0880', 'O0106', 'L0008', 'Away'),
('P0881', 'O0113', 'L0119', 'Home'),
('P0882', 'O0119', 'L0035', 'Home'),
('P0883', 'O0119', 'L0035', 'Home'),
('P0884', 'O0121', 'L0032', 'Away'),
('P0885', 'O0133', 'L0035', 'Away'),
('P0886', 'O0133', 'L0035', 'Home'),
('P0887', 'O0134', 'L0017', 'Home'),
('P0888', 'O0144', 'L0017', 'Home'),
('P0889', 'O0150', 'L0070', 'Away'),
('P0890', 'O0150', 'L0070', 'Home'),
('P0891', 'O0155', 'L0147', 'Home'),
('P0892', 'O0155', 'L0147', 'Home'),
('P0893', 'O0159', 'L0017', 'Home'),
('P0894', 'O0194', 'L0113', 'Away'),
('P0895', 'O0194', 'L0113', 'Away'),
('P0896', 'O0194', 'L0113', 'Away'),
('P0897', 'O0207', 'L0035', 'Home'),
('P0898', 'O0207', 'L0035', 'Home'),
('P0899', 'O0222', 'L0035', 'Home')

INSERT INTO Play VALUES
('P0900', 'O0222', 'L0035', 'Home'),
('P0901', 'O0228', 'L0035', 'Away'),
('P0902', 'O0245', 'L0070', 'Home'),
('P0903', 'O0252', 'L0070', 'Away'),
('P0904', 'O0270', 'L0119', 'Away'),
('P0905', 'O0282', 'L0147', 'Away'),
('P0906', 'O0304', 'L0035', 'Home'),
('P0907', 'O0304', 'L0035', 'Home'),
('P0908', 'O0304', 'L0035', 'Home'),
('P0909', 'O0307', 'L0035', 'Home'),
('P0910', 'O0307', 'L0035', 'Home'),
('P0911', 'O0307', 'L0035', 'Home'),
('P0912', 'O0307', 'L0025', 'Away'),
('P0913', 'O0327', 'L0070', 'Home'),
('P0914', 'O0328', 'L0017', 'Home'),
('P0915', 'O0015', 'L0035', 'Home'),
('P0916', 'O0019', 'L0035', 'Home'),
('P0917', 'O0019', 'L0035', 'Home'),
('P0918', 'O0019', 'L0035', 'Home'),
('P0919', 'O0022', 'L0032', 'Neutral'),
('P0920', 'O0039', 'L0098', 'Neutral'),
('P0921', 'O0058', 'L0035', 'Home'),
('P0922', 'O0058', 'L0035', 'Home'),
('P0923', 'O0060', 'L0032', 'Neutral'),
('P0924', 'O0064', 'L0035', 'Home'),
('P0925', 'O0064', 'L0035', 'Home'),
('P0926', 'O0077', 'L0070', 'Neutral'),
('P0927', 'O0088', 'L0035', 'Home'),
('P0928', 'O0088', 'L0035', 'Home'),
('P0929', 'O0088', 'L0035', 'Home'),
('P0930', 'O0090', 'L0070', 'Neutral'),
('P0931', 'O0094', 'L0054', 'Away'),
('P0932', 'O0094', 'L0054', 'Away'),
('P0933', 'O0106', 'L0008', 'Away'),
('P0934', 'O0106', 'L0008', 'Away'),
('P0935', 'O0106', 'L0008', 'Away'),
('P0936', 'O0112', 'L0035', 'Home'),
('P0937', 'O0112', 'L0035', 'Home'),
('P0938', 'O0115', 'L0070', 'Neutral'),
('P0939', 'O0119', 'L0035', 'Home'),
('P0940', 'O0119', 'L0035', 'Home'),
('P0941', 'O0127', 'L0035', 'Home'),
('P0942', 'O0142', 'L0017', 'Neutral'),
('P0943', 'O0142', 'L0017', 'Neutral'),
('P0944', 'O0155', 'L0017', 'Away'),
('P0945', 'O0159', 'L0017', 'Neutral'),
('P0946', 'O0168', 'L0070', 'Neutral'),
('P0947', 'O0169', 'L0098', 'Neutral'),
('P0948', 'O0182', 'L0098', 'Neutral'),
('P0949', 'O0189', 'L0035', 'Home'),
('P0950', 'O0189', 'L0035', 'Home'),
('P0951', 'O0189', 'L0035', 'Home'),
('P0952', 'O0194', 'L0113', 'Away'),
('P0953', 'O0194', 'L0113', 'Away'),
('P0954', 'O0194', 'L0113', 'Away'),
('P0955', 'O0205', 'L0070', 'Neutral'),
('P0956', 'O0210', 'L0035', 'Home'),
('P0957', 'O0214', 'L0032', 'Neutral'),
('P0958', 'O0216', 'L0098', 'Neutral'),
('P0959', 'O0226', 'L0035', 'Home'),
('P0960', 'O0239', 'L0035', 'Home'),
('P0961', 'O0252', 'L0035', 'Home'),
('P0962', 'O0263', 'L0032', 'Neutral'),
('P0963', 'O0286', 'L0098', 'Neutral'),
('P0964', 'O0301', 'L0032', 'Neutral'),
('P0965', 'O0304', 'L0035', 'Home'),
('P0966', 'O0304', 'L0035', 'Home'),
('P0967', 'O0304', 'L0035', 'Home'),
('P0968', 'O0307', 'L0013', 'Away'),
('P0969', 'O0307', 'L0013', 'Away'),
('P0970', 'O0307', 'L0013', 'Away'),
('P0971', 'O0307', 'L0132', 'Neutral'),
('P0972', 'O0009', 'L0070', 'Neutral'),
('P0973', 'O0019', 'L0031', 'Away'),
('P0974', 'O0019', 'L0031', 'Away'),
('P0975', 'O0019', 'L0031', 'Away'),
('P0976', 'O0037', 'L0098', 'Neutral'),
('P0977', 'O0064', 'L0035', 'Home'),
('P0978', 'O0068', 'L0083', 'Neutral'),
('P0979', 'O0080', 'L0070', 'Neutral'),
('P0980', 'O0082', 'L0017', 'Away'),
('P0981', 'O0085', 'L0083', 'Away'),
('P0982', 'O0085', 'L0083', 'Neutral'),
('P0983', 'O0088', 'L0132', 'Away'),
('P0984', 'O0088', 'L0132', 'Away'),
('P0985', 'O0088', 'L0132', 'Away'),
('P0986', 'O0106', 'L0038', 'Home'),
('P0987', 'O0106', 'L0038', 'Home'),
('P0988', 'O0106', 'L0038', 'Home'),
('P0989', 'O0119', 'L0038', 'Home'),
('P0990', 'O0119', 'L0038', 'Home'),
('P0991', 'O0130', 'L0083', 'Neutral'),
('P0992', 'O0130', 'L0083', 'Neutral'),
('P0993', 'O0141', 'L0017', 'Away'),
('P0994', 'O0143', 'L0098', 'Away'),
('P0995', 'O0168', 'L0017', 'Away'),
('P0996', 'O0183', 'L0070', 'Neutral'),
('P0997', 'O0189', 'L0023', 'Away'),
('P0998', 'O0189', 'L0023', 'Away'),
('P0999', 'O0189', 'L0023', 'Away'),
('P1000', 'O0205', 'L0120', 'Away'),
('P1001', 'O0205', 'L0120', 'Away'),
('P1002', 'O0205', 'L0120', 'Away'),
('P1003', 'O0215', 'L0070', 'Neutral'),
('P1004', 'O0219', 'L0038', 'Home'),
('P1005', 'O0219', 'L0038', 'Home'),
('P1006', 'O0219', 'L0038', 'Home'),
('P1007', 'O0226', 'L0070', 'Neutral'),
('P1008', 'O0242', 'L0017', 'Away'),
('P1009', 'O0242', 'L0017', 'Away'),
('P1010', 'O0255', 'L0098', 'Away'),
('P1011', 'O0262', 'L0038', 'Home'),
('P1012', 'O0262', 'L0038', 'Home'),
('P1013', 'O0286', 'L0098', 'Neutral'),
('P1014', 'O0307', 'L0038', 'Home'),
('P1015', 'O0307', 'L0038', 'Home'),
('P1016', 'O0307', 'L0038', 'Home'),
('P1017', 'O0319', 'L0098', 'Away'),
('P1018', 'O0035', 'L0098', 'Neutral'),
('P1019', 'O0051', 'L0087', 'Away'),
('P1020', 'O0051', 'L0087', 'Away'),
('P1021', 'O0060', 'L0035', 'Home'),
('P1022', 'O0060', 'L0035', 'Home'),
('P1023', 'O0070', 'L0017', 'Neutral'),
('P1024', 'O0070', 'L0017', 'Neutral'),
('P1025', 'O0082', 'L0017', 'Away'),
('P1026', 'O0090', 'L0095', 'Neutral'),
('P1027', 'O0120', 'L0035', 'Home'),
('P1028', 'O0120', 'L0035', 'Home'),
('P1029', 'O0121', 'L0035', 'Home'),
('P1030', 'O0124', 'L0014', 'Away'),
('P1031', 'O0124', 'L0014', 'Away'),
('P1032', 'O0124', 'L0014', 'Away'),
('P1033', 'O0127', 'L0069', 'Away'),
('P1034', 'O0127', 'L0069', 'Away'),
('P1035', 'O0127', 'L0069', 'Away'),
('P1036', 'O0131', 'L0065', 'Neutral'),
('P1037', 'O0136', 'L0087', 'Neutral'),
('P1038', 'O0136', 'L0035', 'Home'),
('P1039', 'O0136', 'L0035', 'Home'),
('P1040', 'O0143', 'L0098', 'Neutral'),
('P1041', 'O0159', 'L0035', 'Home'),
('P1042', 'O0159', 'L0035', 'Home'),
('P1043', 'O0159', 'L0035', 'Home'),
('P1044', 'O0163', 'L0048', 'Away'),
('P1045', 'O0163', 'L0048', 'Away'),
('P1046', 'O0163', 'L0048', 'Away'),
('P1047', 'O0168', 'L0095', 'Neutral'),
('P1048', 'O0169', 'L0095', 'Neutral'),
('P1049', 'O0184', 'L0098', 'Neutral'),
('P1050', 'O0202', 'L0095', 'Neutral'),
('P1051', 'O0205', 'L0098', 'Neutral'),
('P1052', 'O0210', 'L0035', 'Home'),
('P1053', 'O0210', 'L0035', 'Home'),
('P1054', 'O0210', 'L0035', 'Home'),
('P1055', 'O0218', 'L0035', 'Home'),
('P1056', 'O0218', 'L0035', 'Home'),
('P1057', 'O0218', 'L0035', 'Home'),
('P1058', 'O0218', 'L0043', 'Neutral'),
('P1059', 'O0222', 'L0035', 'Home'),
('P1060', 'O0223', 'L0017', 'Neutral'),
('P1061', 'O0228', 'L0065', 'Neutral'),
('P1062', 'O0231', 'L0102', 'Away'),
('P1063', 'O0231', 'L0102', 'Away'),
('P1064', 'O0251', 'L0035', 'Home'),
('P1065', 'O0251', 'L0035', 'Home'),
('P1066', 'O0258', 'L0065', 'Neutral'),
('P1067', 'O0280', 'L0017', 'Neutral'),
('P1068', 'O0285', 'L0095', 'Away'),
('P1069', 'O0296', 'L0098', 'Neutral'),
('P1070', 'O0307', 'L0087', 'Neutral'),
('P1071', 'O0307', 'L0087', 'Neutral'),
('P1072', 'O0003', 'L0008', 'Neutral'),
('P1073', 'O0003', 'L0008', 'Neutral'),
('P1074', 'O0015', 'L0082', 'Home'),
('P1075', 'O0017', 'L0140', 'Neutral'),
('P1076', 'O0019', 'L0140', 'Neutral'),
('P1077', 'O0022', 'L0017', 'Neutral'),
('P1078', 'O0026', 'L0093', 'Neutral'),
('P1079', 'O0053', 'L0017', 'Neutral'),
('P1080', 'O0053', 'L0017', 'Neutral'),
('P1081', 'O0053', 'L0089', 'Neutral'),
('P1082', 'O0082', 'L0017', 'Away'),
('P1083', 'O0097', 'L0064', 'Neutral'),
('P1084', 'O0098', 'L0089', 'Neutral'),
('P1085', 'O0104', 'L0008', 'Away'),
('P1086', 'O0124', 'L0082', 'Home'),
('P1087', 'O0124', 'L0082', 'Home'),
('P1088', 'O0124', 'L0082', 'Home'),
('P1089', 'O0155', 'L0082', 'Home'),
('P1090', 'O0156', 'L0008', 'Neutral'),
('P1091', 'O0158', 'L0008', 'Neutral'),
('P1092', 'O0159', 'L0001', 'Away'),
('P1093', 'O0159', 'L0001', 'Away'),
('P1094', 'O0159', 'L0001', 'Away'),
('P1095', 'O0163', 'L0082', 'Home'),
('P1096', 'O0163', 'L0082', 'Home'),
('P1097', 'O0163', 'L0082', 'Home'),
('P1098', 'O0166', 'L0085', 'Away'),
('P1099', 'O0166', 'L0085', 'Away'),
('P1100', 'O0166', 'L0085', 'Away'),
('P1101', 'O0170', 'L0064', 'Neutral'),
('P1102', 'O0182', 'L0082', 'Home'),
('P1103', 'O0182', 'L0082', 'Home'),
('P1104', 'O0182', 'L0082', 'Home'),
('P1105', 'O0199', 'L0082', 'Home'),
('P1106', 'O0210', 'L0044', 'Away'),
('P1107', 'O0210', 'L0044', 'Away'),
('P1108', 'O0210', 'L0044', 'Away'),
('P1109', 'O0211', 'L0093', 'Away'),
('P1110', 'O0211', 'L0093', 'Away'),
('P1111', 'O0215', 'L0140', 'Neutral'),
('P1112', 'O0218', 'L0150', 'Away'),
('P1113', 'O0218', 'L0150', 'Away'),
('P1114', 'O0218', 'L0150', 'Away'),
('P1115', 'O0231', 'L0082', 'Home'),
('P1116', 'O0231', 'L0082', 'Home'),
('P1117', 'O0233', 'L0082', 'Home'),
('P1118', 'O0233', 'L0082', 'Home'),
('P1119', 'O0235', 'L0093', 'Neutral'),
('P1120', 'O0235', 'L0093', 'Neutral'),
('P1121', 'O0238', 'L0140', 'Neutral'),
('P1122', 'O0258', 'L0017', 'Neutral'),
('P1123', 'O0299', 'L0140', 'Neutral'),
('P1124', 'O0015', 'L0035', 'Home'),
('P1125', 'O0015', 'L0035', 'Home'),
('P1126', 'O0024', 'L0071', 'Neutral'),
('P1127', 'O0025', 'L0071', 'Neutral'),
('P1128', 'O0033', 'L0035', 'Home'),
('P1129', 'O0034', 'L0041', 'Neutral'),
('P1130', 'O0052', 'L0010', 'Neutral'),
('P1131', 'O0052', 'L0010', 'Neutral'),
('P1132', 'O0060', 'L0071', 'Neutral'),
('P1133', 'O0069', 'L0071', 'Neutral'),
('P1134', 'O0079', 'L0060', 'Neutral'),
('P1135', 'O0080', 'L0060', 'Away'),
('P1136', 'O0081', 'L0060', 'Neutral'),
('P1137', 'O0124', 'L0014', 'Away'),
('P1138', 'O0124', 'L0014', 'Away'),
('P1139', 'O0124', 'L0014', 'Away'),
('P1140', 'O0126', 'L0114', 'Neutral'),
('P1141', 'O0131', 'L0035', 'Home'),
('P1142', 'O0146', 'L0071', 'Away'),
('P1143', 'O0159', 'L0035', 'Home'),
('P1144', 'O0159', 'L0035', 'Home'),
('P1145', 'O0159', 'L0035', 'Home'),
('P1146', 'O0163', 'L0048', 'Away'),
('P1147', 'O0163', 'L0048', 'Away'),
('P1148', 'O0163', 'L0048', 'Away'),
('P1149', 'O0166', 'L0010', 'Neutral'),
('P1150', 'O0166', 'L0010', 'Neutral'),
('P1151', 'O0169', 'L0041', 'Away'),
('P1152', 'O0169', 'L0041', 'Away'),
('P1153', 'O0203', 'L0051', 'Away'),
('P1154', 'O0203', 'L0051', 'Away'),
('P1155', 'O0203', 'L0051', 'Away'),
('P1156', 'O0204', 'L0060', 'Neutral'),
('P1157', 'O0210', 'L0035', 'Home'),
('P1158', 'O0210', 'L0035', 'Home'),
('P1159', 'O0210', 'L0035', 'Home'),
('P1160', 'O0215', 'L0041', 'Neutral'),
('P1161', 'O0218', 'L0035', 'Home'),
('P1162', 'O0218', 'L0035', 'Home'),
('P1163', 'O0218', 'L0035', 'Home'),
('P1164', 'O0231', 'L0090', 'Away'),
('P1165', 'O0231', 'L0090', 'Away'),
('P1166', 'O0252', 'L0035', 'Home'),
('P1167', 'O0256', 'L0041', 'Neutral'),
('P1168', 'O0268', 'L0010', 'Away'),
('P1169', 'O0283', 'L0114', 'Away'),
('P1170', 'O0297', 'L0114', 'Neutral'),
('P1171', 'O0320', 'L0114', 'Neutral'),
('P1172', 'O0327', 'L0035', 'Home'),
('P1173', 'O0327', 'L0035', 'Home'),
('P1174', 'O0327', 'L0035', 'Home'),
('P1175', 'O0009', 'L0009', 'Neutral'),
('P1176', 'O0009', 'L0009', 'Away'),
('P1177', 'O0037', 'L0075', 'Neutral'),
('P1178', 'O0037', 'L0075', 'Neutral'),
('P1179', 'O0050', 'L0067', 'Neutral'),
('P1180', 'O0061', 'L0009', 'Neutral'),
('P1181', 'O0073', 'L0076', 'Neutral'),
('P1182', 'O0080', 'L0060', 'Away'),
('P1183', 'O0080', 'L0060', 'Away'),
('P1184', 'O0102', 'L0060', 'Neutral'),
('P1185', 'O0114', 'L0067', 'Away'),
('P1186', 'O0121', 'L0022', 'Away'),
('P1187', 'O0121', 'L0022', 'Away'),
('P1188', 'O0121', 'L0022', 'Away'),
('P1189', 'O0121', 'L0078', 'Neutral'),
('P1190', 'O0122', 'L0060', 'Neutral'),
('P1191', 'O0124', 'L0035', 'Home'),
('P1192', 'O0124', 'L0035', 'Home'),
('P1193', 'O0124', 'L0035', 'Home'),
('P1194', 'O0127', 'L0035', 'Home'),
('P1195', 'O0127', 'L0035', 'Home'),
('P1196', 'O0127', 'L0035', 'Home'),
('P1197', 'O0128', 'L0060', 'Neutral'),
('P1198', 'O0129', 'L0076', 'Neutral'),
('P1199', 'O0129', 'L0076', 'Neutral'),
('P1200', 'O0130', 'L0035', 'Home'),
('P1201', 'O0147', 'L0076', 'Away'),
('P1202', 'O0158', 'L0076', 'Neutral'),
('P1203', 'O0158', 'L0035', 'Home'),
('P1204', 'O0159', 'L0001', 'Away'),
('P1205', 'O0159', 'L0001', 'Away'),
('P1206', 'O0159', 'L0001', 'Away'),
('P1207', 'O0163', 'L0035', 'Home'),
('P1208', 'O0163', 'L0035', 'Home'),
('P1209', 'O0163', 'L0035', 'Home'),
('P1210', 'O0165', 'L0075', 'Neutral'),
('P1211', 'O0198', 'L0067', 'Neutral'),
('P1212', 'O0210', 'L0043', 'Away'),
('P1213', 'O0210', 'L0043', 'Away'),
('P1214', 'O0210', 'L0043', 'Away'),
('P1215', 'O0218', 'L0122', 'Away'),
('P1216', 'O0218', 'L0122', 'Away'),
('P1217', 'O0218', 'L0122', 'Away'),
('P1218', 'O0231', 'L0035', 'Home'),
('P1219', 'O0231', 'L0035', 'Home'),
('P1220', 'O0233', 'L0009', 'Neutral'),
('P1221', 'O0233', 'L0035', 'Home'),
('P1222', 'O0233', 'L0035', 'Home'),
('P1223', 'O0266', 'L0067', 'Neutral'),
('P1224', 'O0266', 'L0067', 'Neutral'),
('P1225', 'O0283', 'L0075', 'Neutral'),
('P1226', 'O0286', 'L0075', 'Away'),
('P1227', 'O0298', 'L0035', 'Home'),
('P1228', 'O0298', 'L0035', 'Home'),
('P1229', 'O0329', 'L0035', 'Home'),
('P1230', 'O0003', 'L0144', 'Neutral'),
('P1231', 'O0014', 'L0047', 'Neutral'),
('P1232', 'O0029', 'L0040', 'Home'),
('P1233', 'O0077', 'L0047', 'Neutral'),
('P1234', 'O0097', 'L0025', 'Neutral'),
('P1235', 'O0118', 'L0068', 'Away'),
('P1236', 'O0118', 'L0068', 'Away'),
('P1237', 'O0124', 'L0015', 'Away'),
('P1238', 'O0124', 'L0015', 'Away'),
('P1239', 'O0124', 'L0015', 'Away'),
('P1240', 'O0159', 'L0040', 'Home'),
('P1241', 'O0159', 'L0040', 'Home'),
('P1242', 'O0159', 'L0040', 'Home'),
('P1243', 'O0163', 'L0049', 'Away'),
('P1244', 'O0163', 'L0049', 'Away'),
('P1245', 'O0163', 'L0049', 'Away'),
('P1246', 'O0166', 'L0040', 'Home'),
('P1247', 'O0166', 'L0040', 'Home'),
('P1248', 'O0166', 'L0040', 'Home'),
('P1249', 'O0178', 'L0144', 'Neutral'),
('P1250', 'O0178', 'L0144', 'Neutral'),
('P1251', 'O0182', 'L0073', 'Away'),
('P1252', 'O0182', 'L0073', 'Away'),
('P1253', 'O0182', 'L0073', 'Away'),
('P1254', 'O0184', 'L0068', 'Neutral'),
('P1255', 'O0187', 'L0068', 'Neutral'),
('P1256', 'O0189', 'L0023', 'Away'),
('P1257', 'O0210', 'L0040', 'Home'),
('P1258', 'O0210', 'L0040', 'Home'),
('P1259', 'O0210', 'L0040', 'Home'),
('P1260', 'O0218', 'L0040', 'Home'),
('P1261', 'O0218', 'L0040', 'Home'),
('P1262', 'O0218', 'L0040', 'Home'),
('P1263', 'O0221', 'L0115', 'Neutral'),
('P1264', 'O0221', 'L0115', 'Neutral'),
('P1265', 'O0228', 'L0040', 'Home'),
('P1266', 'O0231', 'L0103', 'Away'),
('P1267', 'O0231', 'L0103', 'Away'),
('P1268', 'O0257', 'L0047', 'Away'),
('P1269', 'O0276', 'L0144', 'Away'),
('P1270', 'O0276', 'L0144', 'Away'),
('P1271', 'O0283', 'L0115', 'Away'),
('P1272', 'O0283', 'L0115', 'Away'),
('P1273', 'O0289', 'L0068', 'Neutral'),
('P1274', 'O0290', 'L0040', 'Home'),
('P1275', 'O0293', 'L0023', 'Neutral'),
('P1276', 'O0296', 'L0115', 'Neutral'),
('P1277', 'O0300', 'L0047', 'Neutral'),
('P1278', 'O0300', 'L0047', 'Neutral'),
('P1279', 'O0303', 'L0040', 'Home'),
('P1280', 'O0304', 'L0040', 'Home'),
('P1281', 'O0006', 'L0141', 'Away'),
('P1282', 'O0006', 'L0141', 'Away'),
('P1283', 'O0010', 'L0083', 'Neutral'),
('P1284', 'O0049', 'L0033', 'Away'),
('P1285', 'O0049', 'L0033', 'Away'),
('P1286', 'O0052', 'L0010', 'Neutral'),
('P1287', 'O0076', 'L0125', 'Neutral'),
('P1288', 'O0085', 'L0083', 'Away'),
('P1289', 'O0092', 'L0125', 'Neutral'),
('P1290', 'O0102', 'L0125', 'Away'),
('P1291', 'O0137', 'L0010', 'Neutral'),
('P1292', 'O0170', 'L0125', 'Neutral'),
('P1293', 'O0219', 'L0033', 'Neutral'),
('P1294', 'O0219', 'L0033', 'Neutral'),
('P1295', 'O0237', 'L0083', 'Neutral'),
('P1296', 'O0246', 'L0141', 'Neutral'),
('P1297', 'O0246', 'L0141', 'Neutral'),
('P1298', 'O0268', 'L0010', 'Away'),
('P1299', 'O0269', 'L0010', 'Neutral'),
('P1300', 'O0280', 'L0083', 'Neutral'),
('P1301', 'O0280', 'L0083', 'Neutral'),
('P1302', 'O0324', 'L0010', 'Neutral'),
('P1303', 'O0327', 'L0141', 'Neutral'),
('P1304', 'O0001', 'L0002', 'Away'),
('P1305', 'O0001', 'L0002', 'Away'),
('P1306', 'O0001', 'L0002', 'Away'),
('P1307', 'O0001', 'L0002', 'Away'),
('P1308', 'O0121', 'L0072', 'Neutral'),
('P1309', 'O0121', 'L0072', 'Neutral'),
('P1310', 'O0124', 'L0038', 'Home'),
('P1311', 'O0124', 'L0038', 'Home'),
('P1312', 'O0124', 'L0038', 'Home'),
('P1313', 'O0124', 'L0038', 'Home'),
('P1314', 'O0127', 'L0072', 'Neutral'),
('P1315', 'O0127', 'L0072', 'Neutral'),
('P1316', 'O0127', 'L0072', 'Neutral'),
('P1317', 'O0163', 'L0038', 'Home'),
('P1318', 'O0163', 'L0038', 'Home'),
('P1319', 'O0163', 'L0038', 'Home'),
('P1320', 'O0163', 'L0038', 'Home'),
('P1321', 'O0166', 'L0072', 'Neutral'),
('P1322', 'O0166', 'L0072', 'Neutral'),
('P1323', 'O0182', 'L0073', 'Away'),
('P1324', 'O0182', 'L0073', 'Away'),
('P1325', 'O0182', 'L0073', 'Away'),
('P1326', 'O0182', 'L0073', 'Away'),
('P1327', 'O0203', 'L0038', 'Home'),
('P1328', 'O0203', 'L0038', 'Home'),
('P1329', 'O0203', 'L0038', 'Home'),
('P1330', 'O0203', 'L0038', 'Home'),
('P1331', 'O0210', 'L0045', 'Away'),
('P1332', 'O0210', 'L0045', 'Away'),
('P1333', 'O0210', 'L0045', 'Away'),
('P1334', 'O0210', 'L0045', 'Away'),
('P1335', 'O0218', 'L0038', 'Home'),
('P1336', 'O0218', 'L0038', 'Home'),
('P1337', 'O0218', 'L0038', 'Home'),
('P1338', 'O0218', 'L0038', 'Home'),
('P1339', 'O0224', 'L0072', 'Neutral'),
('P1340', 'O0224', 'L0072', 'Neutral'),
('P1341', 'O0224', 'L0072', 'Neutral'),
('P1342', 'O0231', 'L0103', 'Away'),
('P1343', 'O0231', 'L0103', 'Away'),
('P1344', 'O0231', 'L0103', 'Away'),
('P1345', 'O0231', 'L0103', 'Away'),
('P1346', 'O0327', 'L0072', 'Neutral'),
('P1347', 'O0327', 'L0072', 'Neutral'),
('P1348', 'O0007', 'L0066', 'Neutral'),
('P1349', 'O0008', 'L0040', 'Home'),
('P1350', 'O0014', 'L0096', 'Neutral'),
('P1351', 'O0015', 'L0040', 'Home'),
('P1352', 'O0019', 'L0027', 'Neutral'),
('P1353', 'O0044', 'L0088', 'Neutral'),
('P1354', 'O0047', 'L0027', 'Away'),
('P1355', 'O0051', 'L0088', 'Away'),
('P1356', 'O0058', 'L0038', 'Home'),
('P1357', 'O0060', 'L0088', 'Neutral'),
('P1358', 'O0078', 'L0096', 'Neutral'),
('P1359', 'O0087', 'L0084', 'Away'),
('P1360', 'O0127', 'L0038', 'Home'),
('P1361', 'O0127', 'L0038', 'Home'),
('P1362', 'O0127', 'L0038', 'Home'),
('P1363', 'O0131', 'L0066', 'Neutral'),
('P1364', 'O0139', 'L0096', 'Neutral'),
('P1365', 'O0159', 'L0038', 'Home'),
('P1366', 'O0159', 'L0038', 'Home'),
('P1367', 'O0159', 'L0038', 'Home'),
('P1368', 'O0159', 'L0049', 'Neutral'),
('P1369', 'O0163', 'L0049', 'Away'),
('P1370', 'O0163', 'L0049', 'Away'),
('P1371', 'O0163', 'L0049', 'Away'),
('P1372', 'O0163', 'L0049', 'Neutral'),
('P1373', 'O0166', 'L0086', 'Away'),
('P1374', 'O0166', 'L0086', 'Away'),
('P1375', 'O0166', 'L0086', 'Away'),
('P1376', 'O0169', 'L0096', 'Neutral'),
('P1377', 'O0170', 'L0088', 'Neutral'),
('P1378', 'O0170', 'L0040', 'Home'),
('P1379', 'O0193', 'L0088', 'Neutral'),
('P1380', 'O0199', 'L0040', 'Home'),
('P1381', 'O0200', 'L0038', 'Home'),
('P1382', 'O0210', 'L0038', 'Home'),
('P1383', 'O0218', 'L0123', 'Away'),
('P1384', 'O0218', 'L0123', 'Away'),
('P1385', 'O0218', 'L0123', 'Away'),
('P1386', 'O0224', 'L0154', 'Away'),
('P1387', 'O0224', 'L0154', 'Away'),
('P1388', 'O0224', 'L0154', 'Away'),
('P1389', 'O0231', 'L0038', 'Home'),
('P1390', 'O0231', 'L0038', 'Home'),
('P1391', 'O0257', 'L0096', 'Neutral'),
('P1392', 'O0266', 'L0084', 'Neutral'),
('P1393', 'O0290', 'L0040', 'Home'),
('P1394', 'O0293', 'L0084', 'Neutral'),
('P1395', 'O0293', 'L0084', 'Neutral'),
('P1396', 'O0303', 'L0027', 'Neutral'),
('P1397', 'O0303', 'L0027', 'Neutral'),
('P1398', 'O0304', 'L0028', 'Away'),
('P1399', 'O0004', 'L0004', 'Away'),
('P1400', 'O0004', 'L0004', 'Away'),
('P1401', 'O0004', 'L0035', 'Home'),
('P1402', 'O0004', 'L0035', 'Home'),
('P1403', 'O0023', 'L0035', 'Home'),
('P1404', 'O0023', 'L0035', 'Home'),
('P1405', 'O0045', 'L0116', 'Neutral'),
('P1406', 'O0058', 'L0011', 'Away'),
('P1407', 'O0058', 'L0011', 'Away'),
('P1408', 'O0059', 'L0035', 'Home'),
('P1409', 'O0059', 'L0035', 'Home'),
('P1410', 'O0094', 'L0035', 'Home'),
('P1411', 'O0094', 'L0035', 'Home'),
('P1412', 'O0094', 'L0116', 'Neutral'),
('P1413', 'O0094', 'L0053', 'Away'),
('P1414', 'O0094', 'L0053', 'Away'),
('P1415', 'O0104', 'L0079', 'Neutral'),
('P1416', 'O0106', 'L0006', 'Away'),
('P1417', 'O0106', 'L0006', 'Away'),
('P1418', 'O0111', 'L0035', 'Home'),
('P1419', 'O0111', 'L0035', 'Home'),
('P1420', 'O0173', 'L0035', 'Home'),
('P1421', 'O0173', 'L0035', 'Home'),
('P1422', 'O0176', 'L0050', 'Away'),
('P1423', 'O0176', 'L0050', 'Away'),
('P1424', 'O0189', 'L0023', 'Away'),
('P1425', 'O0189', 'L0023', 'Away'),
('P1426', 'O0189', 'L0126', 'Neutral'),
('P1427', 'O0232', 'L0035', 'Home'),
('P1428', 'O0232', 'L0035', 'Home'),
('P1429', 'O0271', 'L0079', 'Neutral'),
('P1430', 'O0275', 'L0052', 'Away'),
('P1431', 'O0275', 'L0052', 'Away'),
('P1432', 'O0276', 'L0079', 'Neutral'),
('P1433', 'O0290', 'L0011', 'Away'),
('P1434', 'O0290', 'L0011', 'Away'),
('P1435', 'O0291', 'L0035', 'Home'),
('P1436', 'O0291', 'L0035', 'Home'),
('P1437', 'O0291', 'L0106', 'Away'),
('P1438', 'O0291', 'L0106', 'Away'),
('P1439', 'O0294', 'L0035', 'Home'),
('P1440', 'O0294', 'L0035', 'Home'),
('P1441', 'O0297', 'L0079', 'Neutral'),
('P1442', 'O0304', 'L0126', 'Neutral'),
('P1443', 'O0325', 'L0116', 'Away'),
('P1444', 'O0325', 'L0035', 'Home'),
('P1445', 'O0325', 'L0035', 'Home'),
('P1446', 'O0328', 'L0116', 'Neutral')

INSERT INTO Record VALUES
( 'O0004', 'D0016', 'S0001'),
( 'O0004', 'D0016', 'S0002'),
( 'O0004', 'D0023', 'S0003'),
( 'O0004', 'D0023', 'S0004'),
( 'O0023', 'D0004', 'S0005'),
( 'O0023', 'D0004', 'S0006'),
( 'O0045', 'D0008', 'S0007'),
( 'O0058', 'D0017', 'S0008'),
( 'O0058', 'D0017', 'S0009'),
( 'O0059', 'D0006', 'S0010'),
( 'O0059', 'D0006', 'S0011'),
( 'O0094', 'D0002', 'S0012'),
( 'O0094', 'D0002', 'S0013'),
( 'O0094', 'D0007', 'S0014'),
( 'O0094', 'D0024', 'S0015'),
( 'O0094', 'D0024', 'S0016'),
( 'O0104', 'D0011', 'S0017'),
( 'O0106', 'D0010', 'S0018'),
( 'O0106', 'D0010', 'S0019'),
( 'O0111', 'D0003', 'S0020'),
( 'O0111', 'D0003', 'S0021'),
( 'O0173', 'D0018', 'S0022'),
( 'O0173', 'D0018', 'S0023'),
( 'O0176', 'D0014', 'S0024'),
( 'O0176', 'D0014', 'S0025'),
( 'O0189', 'D0001', 'S0026'),
( 'O0189', 'D0001', 'S0027'),
( 'O0189', 'D0021', 'S0026'),
( 'O0232', 'D0009', 'S0029'),
( 'O0232', 'D0009', 'S0030'),
( 'O0271', 'D0011', 'S0023'),
( 'O0275', 'D0020', 'S0032'),
( 'O0275', 'D0020', 'S0027'),
( 'O0276', 'D0011', 'S0034'),
( 'O0290', 'D0019', 'S0035'),
( 'O0290', 'D0019', 'S0036'),
( 'O0291', 'D0015', 'S0037'),
( 'O0291', 'D0015', 'S0038'),
( 'O0291', 'D0025', 'S0039'),
( 'O0291', 'D0025', 'S0040'),
( 'O0294', 'D0005', 'S0041'),
( 'O0294', 'D0005', 'S0042'),
( 'O0297', 'D0012', 'S0043'),
( 'O0304', 'D0022', 'S0026'),
( 'O0325', 'D0007', 'S0035'),
( 'O0325', 'D0013', 'S0046'),
( 'O0325', 'D0013', 'S0015'),
( 'O0328', 'D0008', 'S0048'),
( 'O0002', 'D0038', 'S0049'),
( 'O0012', 'D0032', 'S0050'),
( 'O0040', 'D0046', 'S0051'),
( 'O0046', 'D0031', 'S0052'),
( 'O0048', 'D0037', 'S0043'),
( 'O0051', 'D0037', 'S0054'),
( 'O0058', 'D0051', 'S0055'),
( 'O0058', 'D0051', 'S0056'),
( 'O0074', 'D0026', 'S0057'),
( 'O0082', 'D0046', 'S0058'),
( 'O0088', 'D0043', 'S0059'),
( 'O0088', 'D0043', 'S0060'),
( 'O0088', 'D0047', 'S0026'),
( 'O0088', 'D0049', 'S0058'),
( 'O0102', 'D0041', 'S0063'),
( 'O0106', 'D0039', 'S0029'),
( 'O0106', 'D0039', 'S0065'),
( 'O0133', 'D0036', 'S0066'),
( 'O0135', 'D0027', 'S0067'),
( 'O0144', 'D0053', 'S0067'),
( 'O0144', 'D0053', 'S0069'),
( 'O0150', 'D0026', 'S0046'),
( 'O0150', 'D0038', 'S0051'),
( 'O0156', 'D0040', 'S0072'),
( 'O0166', 'D0026', 'S0065'),
( 'O0173', 'D0030', 'S0074'),
( 'O0173', 'D0030', 'S0075'),
( 'O0174', 'D0031', 'S0067'),
( 'O0174', 'D0032', 'S0077'),
( 'O0189', 'D0045', 'S0078'),
( 'O0189', 'D0045', 'S0079'),
( 'O0189', 'D0049', 'S0054'),
( 'O0189', 'D0050', 'S0081'),
( 'O0222', 'D0033', 'S0057'),
( 'O0222', 'D0033', 'S0083'),
( 'O0226', 'D0031', 'S0016'),
( 'O0232', 'D0052', 'S0029'),
( 'O0232', 'D0052', 'S0067'),
( 'O0242', 'D0047', 'S0026'),
( 'O0243', 'D0042', 'S0057'),
( 'O0263', 'D0054', 'S0057'),
( 'O0263', 'D0054', 'S0091'),
( 'O0266', 'D0040', 'S0092'),
( 'O0287', 'D0027', 'S0026'),
( 'O0290', 'D0028', 'S0072'),
( 'O0290', 'D0028', 'S0029'),
( 'O0291', 'D0029', 'S0074'),
( 'O0291', 'D0029', 'S0097'),
( 'O0292', 'D0035', 'S0052'),
( 'O0292', 'D0035', 'S0099'),
( 'O0292', 'D0036', 'S0067'),
( 'O0294', 'D0032', 'S0029'),
( 'O0304', 'D0044', 'S0004'),
( 'O0304', 'D0044', 'S0103'),
( 'O0304', 'D0048', 'S0067'),
( 'O0325', 'D0034', 'S0105'),
( 'O0325', 'D0034', 'S0018'),
( 'O0032', 'D0072', 'S0052'),
( 'O0032', 'D0072', 'S0007'),
( 'O0040', 'D0056', 'S0081'),
( 'O0059', 'D0078', 'S0004'),
( 'O0061', 'D0059', 'S0029'),
( 'O0061', 'D0059', 'S0058'),
( 'O0070', 'D0057', 'S0067'),
( 'O0070', 'D0057', 'S0114'),
( 'O0072', 'D0056', 'S0069'),
( 'O0077', 'D0078', 'S0051'),
( 'O0081', 'D0062', 'S0057'),
( 'O0081', 'D0062', 'S0118'),
( 'O0088', 'D0063', 'S0065'),
( 'O0088', 'D0063', 'S0058'),
( 'O0088', 'D0073', 'S0007'),
( 'O0088', 'D0074', 'S0072'),
( 'O0094', 'D0067', 'S0067'),
( 'O0094', 'D0067', 'S0124'),
( 'O0102', 'D0066', 'S0067'),
( 'O0106', 'D0071', 'S0072'),
( 'O0106', 'D0071', 'S0054'),
( 'O0106', 'D0074', 'S0128'),
( 'O0113', 'D0079', 'S0058'),
( 'O0139', 'D0068', 'S0130'),
( 'O0139', 'D0068', 'S0060'),
( 'O0156', 'D0064', 'S0054'),
( 'O0156', 'D0064', 'S0066'),
( 'O0166', 'D0055', 'S0065'),
( 'O0173', 'D0058', 'S0128'),
( 'O0173', 'D0058', 'S0025'),
( 'O0189', 'D0069', 'S0029'),
( 'O0189', 'D0069', 'S0103'),
( 'O0230', 'D0055', 'S0057'),
( 'O0243', 'D0061', 'S0065'),
( 'O0243', 'D0061', 'S0079'),
( 'O0247', 'D0065', 'S0023'),
( 'O0248', 'D0066', 'S0018'),
( 'O0272', 'D0077', 'S0144'),
( 'O0290', 'D0076', 'S0054'),
( 'O0290', 'D0076', 'S0065'),
( 'O0292', 'D0075', 'S0029'),
( 'O0292', 'D0075', 'S0149'),
( 'O0304', 'D0070', 'S0058'),
( 'O0304', 'D0070', 'S0059'),
( 'O0304', 'D0073', 'S0066'),
( 'O0307', 'D0060', 'S0153'),
( 'O0307', 'D0060', 'S0006'),
( 'O0307', 'D0065', 'S0155'),
( 'O0031', 'D0089', 'S0128'),
( 'O0040', 'D0096', 'S0157'),
( 'O0061', 'D0083', 'S0029'),
( 'O0061', 'D0084', 'S0099'),
( 'O0070', 'D0080', 'S0050'),
( 'O0070', 'D0085', 'S0072'),
( 'O0072', 'D0091', 'S0118'),
( 'O0073', 'D0090', 'S0114'),
( 'O0076', 'D0096', 'S0092'),
( 'O0088', 'D0102', 'S0165'),
( 'O0088', 'D0102', 'S0015'),
( 'O0088', 'D0103', 'S0065'),
( 'O0092', 'D0092', 'S0067'),
( 'O0094', 'D0083', 'S0144'),
( 'O0094', 'D0099', 'S0170'),
( 'O0094', 'D0099', 'S0099'),
( 'O0094', 'D0105', 'S0029'),
( 'O0094', 'D0105', 'S0170'),
( 'O0099', 'D0081', 'S0065'),
( 'O0102', 'D0096', 'S0007'),
( 'O0106', 'D0093', 'S0176'),
( 'O0106', 'D0094', 'S0149'),
( 'O0106', 'D0104', 'S0051'),
( 'O0126', 'D0091', 'S0067'),
( 'O0144', 'D0088', 'S0018'),
( 'O0144', 'D0088', 'S0066'),
( 'O0157', 'D0080', 'S0018'),
( 'O0189', 'D0098', 'S0057'),
( 'O0189', 'D0098', 'S0021'),
( 'O0189', 'D0104', 'S0059'),
( 'O0222', 'D0085', 'S0118'),
( 'O0222', 'D0106', 'S0187'),
( 'O0222', 'D0106', 'S0026'),
( 'O0228', 'D0081', 'S0144'),
( 'O0243', 'D0101', 'S0114'),
( 'O0243', 'D0101', 'S0057'),
( 'O0272', 'D0082', 'S0118'),
( 'O0272', 'D0086', 'S0004'),
( 'O0272', 'D0086', 'S0165'),
( 'O0287', 'D0095', 'S0057'),
( 'O0290', 'D0082', 'S0128'),
( 'O0290', 'D0084', 'S0197'),
( 'O0291', 'D0087', 'S0198'),
( 'O0291', 'D0087', 'S0199'),
( 'O0292', 'D0097', 'S0067'),
( 'O0292', 'D0097', 'S0091'),
( 'O0294', 'D0081', 'S0202'),
( 'O0304', 'D0100', 'S0203'),
( 'O0304', 'D0100', 'S0204'),
( 'O0330', 'D0095', 'S0205'),
( 'O0003', 'D0110', 'S0206'),
( 'O0003', 'D0116', 'S0016'),
( 'O0005', 'D0131', 'S0063'),
( 'O0040', 'D0120', 'S0153'),
( 'O0047', 'D0125', 'S0072'),
( 'O0082', 'D0107', 'S0118'),
( 'O0082', 'D0108', 'S0212'),
( 'O0082', 'D0117', 'S0213'),
( 'O0088', 'D0119', 'S0165'),
( 'O0099', 'D0107', 'S0011'),
( 'O0099', 'D0111', 'S0078'),
( 'O0106', 'D0124', 'S0072'),
( 'O0115', 'D0123', 'S0206'),
( 'O0115', 'D0123', 'S0010'),
( 'O0144', 'D0118', 'S0220'),
( 'O0182', 'D0109', 'S0081'),
( 'O0189', 'D0126', 'S0010'),
( 'O0189', 'D0126', 'S0223'),
( 'O0203', 'D0108', 'S0060'),
( 'O0208', 'D0112', 'S0066'),
( 'O0209', 'D0120', 'S0040'),
( 'O0222', 'D0129', 'S0206'),
( 'O0222', 'D0129', 'S0066'),
( 'O0242', 'D0115', 'S0081'),
( 'O0243', 'D0128', 'S0072'),
( 'O0243', 'D0128', 'S0165'),
( 'O0263', 'D0113', 'S0091'),
( 'O0272', 'D0122', 'S0197'),
( 'O0287', 'D0114', 'S0004'),
( 'O0290', 'D0121', 'S0052'),
( 'O0298', 'D0111', 'S0170'),
( 'O0304', 'D0127', 'S0021'),
( 'O0304', 'D0130', 'S0081'),
( 'O0013', 'D0140', 'S0063'),
( 'O0018', 'D0132', 'S0220'),
( 'O0040', 'D0133', 'S0241'),
( 'O0051', 'D0144', 'S0242'),
( 'O0057', 'D0135', 'S0243'),
( 'O0057', 'D0136', 'S0244'),
( 'O0057', 'D0139', 'S0245'),
( 'O0072', 'D0151', 'S0007'),
( 'O0081', 'D0144', 'S0244'),
( 'O0088', 'D0153', 'S0060'),
( 'O0088', 'D0155', 'S0249'),
( 'O0088', 'D0155', 'S0118'),
( 'O0102', 'D0141', 'S0251'),
( 'O0106', 'D0142', 'S0063'),
( 'O0106', 'D0142', 'S0253'),
( 'O0106', 'D0154', 'S0072'),
( 'O0113', 'D0143', 'S0244'),
( 'O0115', 'D0137', 'S0256'),
( 'O0123', 'D0138', 'S0257'),
( 'O0132', 'D0141', 'S0256'),
( 'O0135', 'D0136', 'S0242'),
( 'O0139', 'D0132', 'S0260'),
( 'O0144', 'D0148', 'S0130'),
( 'O0144', 'D0148', 'S0170'),
( 'O0172', 'D0146', 'S0050'),
( 'O0172', 'D0146', 'S0264'),
( 'O0189', 'D0150', 'S0118'),
( 'O0189', 'D0154', 'S0066'),
( 'O0202', 'D0140', 'S0267'),
( 'O0208', 'D0133', 'S0223'),
( 'O0217', 'D0147', 'S0260'),
( 'O0217', 'D0147', 'S0241'),
( 'O0222', 'D0135', 'S0011'),
( 'O0222', 'D0156', 'S0204'),
( 'O0224', 'D0138', 'S0245'),
( 'O0260', 'D0143', 'S0274'),
( 'O0261', 'D0145', 'S0275'),
( 'O0272', 'D0149', 'S0275'),
( 'O0272', 'D0149', 'S0277'),
( 'O0287', 'D0134', 'S0118'),
( 'O0304', 'D0152', 'S0165'),
( 'O0307', 'D0140', 'S0280'),
( 'O0057', 'D0172', 'S0052'),
( 'O0070', 'D0170', 'S0206'),
( 'O0072', 'D0179', 'S0206'),
( 'O0072', 'D0179', 'S0066'),
( 'O0081', 'D0160', 'S0170'),
( 'O0081', 'D0162', 'S0066'),
( 'O0081', 'D0165', 'S0130'),
( 'O0082', 'D0162', 'S0288'),
( 'O0088', 'D0161', 'S0103'),
( 'O0088', 'D0180', 'S0290'),
( 'O0088', 'D0181', 'S0004'),
( 'O0094', 'D0175', 'S0220'),
( 'O0106', 'D0176', 'S0007'),
( 'O0115', 'D0158', 'S0072'),
( 'O0171', 'D0167', 'S0081'),
( 'O0171', 'D0167', 'S0072'),
( 'O0172', 'D0173', 'S0213'),
( 'O0205', 'D0157', 'S0288'),
( 'O0212', 'D0166', 'S0091'),
( 'O0242', 'D0158', 'S0066'),
( 'O0243', 'D0159', 'S0018'),
( 'O0262', 'D0169', 'S0165'),
( 'O0272', 'D0163', 'S0050'),
( 'O0272', 'D0178', 'S0204'),
( 'O0277', 'D0168', 'S0223'),
( 'O0277', 'D0171', 'S0050'),
( 'O0287', 'D0164', 'S0307'),
( 'O0290', 'D0174', 'S0170'),
( 'O0290', 'D0174', 'S0206'),
( 'O0304', 'D0177', 'S0118'),
( 'O0304', 'D0177', 'S0311'),
( 'O0304', 'D0182', 'S0091'),
( 'O0319', 'D0157', 'S0313'),
( 'O0027', 'D0198', 'S0165'),
( 'O0027', 'D0198', 'S0051'),
( 'O0027', 'D0199', 'S0144'),
( 'O0035', 'D0189', 'S0317'),
( 'O0061', 'D0192', 'S0063'),
( 'O0075', 'D0195', 'S0319'),
( 'O0076', 'D0183', 'S0066'),
( 'O0076', 'D0184', 'S0018'),
( 'O0088', 'D0186', 'S0004'),
( 'O0094', 'D0199', 'S0323'),
( 'O0094', 'D0204', 'S0149'),
( 'O0094', 'D0204', 'S0051'),
( 'O0099', 'D0187', 'S0018'),
( 'O0103', 'D0190', 'S0257'),
( 'O0103', 'D0194', 'S0257'),
( 'O0106', 'D0196', 'S0004'),
( 'O0106', 'D0197', 'S0330'),
( 'O0106', 'D0197', 'S0331'),
( 'O0106', 'D0201', 'S0311'),
( 'O0106', 'D0209', 'S0065'),
( 'O0113', 'D0195', 'S0197'),
( 'O0118', 'D0191', 'S0330'),
( 'O0135', 'D0193', 'S0091'),
( 'O0135', 'D0193', 'S0337'),
( 'O0161', 'D0189', 'S0072'),
( 'O0161', 'D0194', 'S0130'),
( 'O0189', 'D0202', 'S0340'),
( 'O0189', 'D0202', 'S0341'),
( 'O0189', 'D0207', 'S0054'),
( 'O0189', 'D0207', 'S0170'),
( 'O0217', 'D0185', 'S0170'),
( 'O0237', 'D0184', 'S0025'),
( 'O0239', 'D0188', 'S0153'),
( 'O0241', 'D0199', 'S0105'),
( 'O0241', 'D0200', 'S0063'),
( 'O0250', 'D0206', 'S0072'),
( 'O0262', 'D0185', 'S0081'),
( 'O0272', 'D0203', 'S0352'),
( 'O0272', 'D0203', 'S0206'),
( 'O0272', 'D0208', 'S0067'),
( 'O0272', 'D0208', 'S0057'),
( 'O0304', 'D0201', 'S0356'),
( 'O0304', 'D0205', 'S0118'),
( 'O0304', 'D0210', 'S0288'),
( 'O0321', 'D0195', 'S0220'),
( 'O0021', 'D0211', 'S0018'),
( 'O0021', 'D0212', 'S0091'),
( 'O0058', 'D0224', 'S0051'),
( 'O0058', 'D0224', 'S0363'),
( 'O0071', 'D0211', 'S0072'),
( 'O0083', 'D0215', 'S0165'),
( 'O0088', 'D0220', 'S0060'),
( 'O0088', 'D0220', 'S0118'),
( 'O0094', 'D0222', 'S0025'),
( 'O0094', 'D0222', 'S0242'),
( 'O0097', 'D0229', 'S0105'),
( 'O0101', 'D0212', 'S0060'),
( 'O0106', 'D0223', 'S0311'),
( 'O0106', 'D0223', 'S0065'),
( 'O0108', 'D0218', 'S0065'),
( 'O0116', 'D0221', 'S0050'),
( 'O0125', 'D0213', 'S0072'),
( 'O0131', 'D0225', 'S0069'),
( 'O0131', 'D0225', 'S0067'),
( 'O0153', 'D0231', 'S0202'),
( 'O0153', 'D0231', 'S0128'),
( 'O0162', 'D0216', 'S0023'),
( 'O0173', 'D0227', 'S0144'),
( 'O0173', 'D0227', 'S0384'),
( 'O0189', 'D0228', 'S0029'),
( 'O0189', 'D0228', 'S0311'),
( 'O0191', 'D0234', 'S0155'),
( 'O0213', 'D0216', 'S0311'),
( 'O0227', 'D0214', 'S0029'),
( 'O0240', 'D0213', 'S0004'),
( 'O0244', 'D0214', 'S0391'),
( 'O0265', 'D0217', 'S0352'),
( 'O0267', 'D0219', 'S0004'),
( 'O0272', 'D0230', 'S0054'),
( 'O0272', 'D0230', 'S0144'),
( 'O0278', 'D0218', 'S0396'),
( 'O0288', 'D0215', 'S0060'),
( 'O0290', 'D0232', 'S0144'),
( 'O0290', 'D0232', 'S0029'),
( 'O0304', 'D0226', 'S0058'),
( 'O0304', 'D0226', 'S0311'),
( 'O0306', 'D0233', 'S0059'),
( 'O0306', 'D0234', 'S0092'),
( 'O0322', 'D0218', 'S0072'),
( 'O0003', 'D0263', 'S0081'),
( 'O0003', 'D0263', 'S0058'),
( 'O0011', 'D0241', 'S0072'),
( 'O0020', 'D0248', 'S0118'),
( 'O0028', 'D0249', 'S0081'),
( 'O0056', 'D0250', 'S0223'),
( 'O0061', 'D0262', 'S0206'),
( 'O0061', 'D0262', 'S0054'),
( 'O0067', 'D0251', 'S0066'),
( 'O0086', 'D0238', 'S0170'),
( 'O0086', 'D0239', 'S0079'),
( 'O0088', 'D0258', 'S0416'),
( 'O0088', 'D0258', 'S0004'),
( 'O0094', 'D0252', 'S0052'),
( 'O0094', 'D0252', 'S0051'),
( 'O0100', 'D0242', 'S0079'),
( 'O0100', 'D0243', 'S0059'),
( 'O0105', 'D0244', 'S0130'),
( 'O0106', 'D0261', 'S0423'),
( 'O0106', 'D0261', 'S0065'),
( 'O0107', 'D0266', 'S0425'),
( 'O0117', 'D0235', 'S0081'),
( 'O0131', 'D0257', 'S0149'),
( 'O0131', 'D0257', 'S0054'),
( 'O0154', 'D0248', 'S0128'),
( 'O0160', 'D0245', 'S0012'),
( 'O0164', 'D0238', 'S0288'),
( 'O0180', 'D0266', 'S0105'),
( 'O0189', 'D0255', 'S0065'),
( 'O0189', 'D0255', 'S0103'),
( 'O0190', 'D0265', 'S0114'),
( 'O0192', 'D0246', 'S0057'),
( 'O0194', 'D0254', 'S0079'),
( 'O0194', 'D0254', 'S0067'),
( 'O0206', 'D0245', 'S0060'),
( 'O0220', 'D0250', 'S0440'),
( 'O0220', 'D0251', 'S0004'),
( 'O0229', 'D0236', 'S0442'),
( 'O0231', 'D0247', 'S0187'),
( 'O0231', 'D0247', 'S0105'),
( 'O0236', 'D0245', 'S0144'),
( 'O0249', 'D0256', 'S0128'),
( 'O0249', 'D0256', 'S0280'),
( 'O0253', 'D0253', 'S0130'),
( 'O0253', 'D0253', 'S0029'),
( 'O0259', 'D0239', 'S0065'),
( 'O0259', 'D0240', 'S0244'),
( 'O0264', 'D0236', 'S0452'),
( 'O0264', 'D0237', 'S0038'),
( 'O0272', 'D0260', 'S0091'),
( 'O0279', 'D0244', 'S0017'),
( 'O0281', 'D0235', 'S0081'),
( 'O0295', 'D0241', 'S0223'),
( 'O0303', 'D0264', 'S0067'),
( 'O0303', 'D0264', 'S0072'),
( 'O0304', 'D0259', 'S0049'),
( 'O0304', 'D0259', 'S0030'),
( 'O0305', 'D0265', 'S0165'),
( 'O0326', 'D0242', 'S0464'),
( 'O0003', 'D0269', 'S0079'),
( 'O0003', 'D0267', 'S0416'),
( 'O0088', 'D0284', 'S0057'),
( 'O0088', 'D0283', 'S0065'),
( 'O0088', 'D0283', 'S0153'),
( 'O0099', 'D0272', 'S0079'),
( 'O0099', 'D0271', 'S0223'),
( 'O0307', 'D0278', 'S0079'),
( 'O0304', 'D0282', 'S0057'),
( 'O0304', 'D0281', 'S0004'),
( 'O0304', 'D0281', 'S0067'),
( 'O0016', 'D0276', 'S0165'),
( 'O0054', 'D0277', 'S0170'),
( 'O0055', 'D0277', 'S0118'),
( 'O0062', 'D0289', 'S0057'),
( 'O0063', 'D0289', 'S0025'),
( 'O0065', 'D0280', 'S0213'),
( 'O0066', 'D0280', 'S0170'),
( 'O0089', 'D0292', 'S0029'),
( 'O0095', 'D0290', 'S0054'),
( 'O0096', 'D0290', 'S0352'),
( 'O0109', 'D0288', 'S0118'),
( 'O0110', 'D0288', 'S0072'),
( 'O0151', 'D0279', 'S0128'),
( 'O0152', 'D0279', 'S0128'),
( 'O0177', 'D0276', 'S0170'),
( 'O0181', 'D0292', 'S0206'),
( 'O0189', 'D0286', 'S0081'),
( 'O0196', 'D0285', 'S0065'),
( 'O0197', 'D0286', 'S0118'),
( 'O0273', 'D0287', 'S0063'),
( 'O0274', 'D0287', 'S0067'),
( 'O0306', 'D0291', 'S0204'),
( 'O0308', 'D0293', 'S0103'),
( 'O0309', 'D0274', 'S0072'),
( 'O0310', 'D0273', 'S0206'),
( 'O0311', 'D0267', 'S0049'),
( 'O0311', 'D0268', 'S0206'),
( 'O0312', 'D0270', 'S0384'),
( 'O0313', 'D0268', 'S0391'),
( 'O0314', 'D0271', 'S0081'),
( 'O0315', 'D0273', 'S0081'),
( 'O0316', 'D0275', 'S0054'),
( 'O0317', 'D0274', 'S0060'),
( 'O0318', 'D0270', 'S0165'),
( 'O0005', 'D0299', 'S0019'),
( 'O0019', 'D0321', 'S0253'),
( 'O0019', 'D0321', 'S0512'),
( 'O0019', 'D0322', 'S0288'),
( 'O0027', 'D0311', 'S0144'),
( 'O0027', 'D0311', 'S0130'),
( 'O0037', 'D0298', 'S0072'),
( 'O0038', 'D0299', 'S0052'),
( 'O0046', 'D0294', 'S0054'),
( 'O0059', 'D0304', 'S0144'),
( 'O0061', 'D0324', 'S0029'),
( 'O0061', 'D0324', 'S0149'),
( 'O0064', 'D0315', 'S0213'),
( 'O0064', 'D0315', 'S0011'),
( 'O0088', 'D0302', 'S0042'),
( 'O0088', 'D0325', 'S0187'),
( 'O0088', 'D0325', 'S0288'),
( 'O0088', 'D0326', 'S0527'),
( 'O0094', 'D0303', 'S0244'),
( 'O0094', 'D0317', 'S0363'),
( 'O0094', 'D0317', 'S0384'),
( 'O0097', 'D0320', 'S0149'),
( 'O0097', 'D0320', 'S0425'),
( 'O0102', 'D0295', 'S0197'),
( 'O0106', 'D0306', 'S0288'),
( 'O0106', 'D0306', 'S0023'),
( 'O0106', 'D0307', 'S0311'),
( 'O0131', 'D0303', 'S0067'),
( 'O0131', 'D0305', 'S0057'),
( 'O0147', 'D0294', 'S0004'),
( 'O0147', 'D0296', 'S0204'),
( 'O0159', 'D0301', 'S0012'),
( 'O0173', 'D0308', 'S0128'),
( 'O0173', 'D0308', 'S0544'),
( 'O0176', 'D0312', 'S0029'),
( 'O0176', 'D0312', 'S0144'),
( 'O0188', 'D0304', 'S0144'),
( 'O0189', 'D0309', 'S0079'),
( 'O0189', 'D0310', 'S0066'),
( 'O0189', 'D0310', 'S0049'),
( 'O0191', 'D0327', 'S0103'),
( 'O0194', 'D0313', 'S0288'),
( 'O0194', 'D0313', 'S0067'),
( 'O0194', 'D0314', 'S0058'),
( 'O0255', 'D0298', 'S0512'),
( 'O0270', 'D0297', 'S0058'),
( 'O0272', 'D0323', 'S0029'),
( 'O0272', 'D0323', 'S0204'),
( 'O0276', 'D0295', 'S0067'),
( 'O0287', 'D0300', 'S0560'),
( 'O0304', 'D0318', 'S0004'),
( 'O0304', 'D0318', 'S0288'),
( 'O0304', 'D0319', 'S0067'),
( 'O0307', 'D0316', 'S0067'),
( 'O0307', 'D0316', 'S0170'),
( 'O0308', 'D0327', 'S0065'),
( 'O0323', 'D0301', 'S0223'),
( 'O0323', 'D0302', 'S0007'),
( 'O0009', 'D0335', 'S0223'),
( 'O0019', 'D0358', 'S0042'),
( 'O0019', 'D0358', 'S0571'),
( 'O0019', 'D0359', 'S0206'),
( 'O0036', 'D0333', 'S0013'),
( 'O0043', 'D0337', 'S0337'),
( 'O0043', 'D0338', 'S0144'),
( 'O0044', 'D0334', 'S0206'),
( 'O0064', 'D0346', 'S0197'),
( 'O0064', 'D0346', 'S0244'),
( 'O0072', 'D0328', 'S0384'),
( 'O0088', 'D0344', 'S0018'),
( 'O0088', 'D0344', 'S0012'),
( 'O0088', 'D0345', 'S0026'),
( 'O0088', 'D0361', 'S0583'),
( 'O0097', 'D0351', 'S0050'),
( 'O0097', 'D0351', 'S0144'),
( 'O0098', 'D0343', 'S0011'),
( 'O0098', 'D0343', 'S0105'),
( 'O0098', 'D0349', 'S0144'),
( 'O0098', 'D0349', 'S0056'),
( 'O0106', 'D0350', 'S0016'),
( 'O0106', 'D0350', 'S0114'),
( 'O0106', 'D0360', 'S0311'),
( 'O0144', 'D0329', 'S0130'),
( 'O0147', 'D0336', 'S0004'),
( 'O0148', 'D0332', 'S0002'),
( 'O0159', 'D0328', 'S0049'),
( 'O0159', 'D0330', 'S0004'),
( 'O0175', 'D0340', 'S0149'),
( 'O0175', 'D0340', 'S0091'),
( 'O0179', 'D0355', 'S0018'),
( 'O0179', 'D0355', 'S0571'),
( 'O0179', 'D0356', 'S0019'),
( 'O0179', 'D0360', 'S0206'),
( 'O0184', 'D0331', 'S0011'),
( 'O0185', 'D0334', 'S0081'),
( 'O0189', 'D0347', 'S0206'),
( 'O0189', 'D0348', 'S0059'),
( 'O0189', 'D0348', 'S0114'),
( 'O0218', 'D0357', 'S0012'),
( 'O0218', 'D0357', 'S0007'),
( 'O0222', 'D0337', 'S0288'),
( 'O0228', 'D0336', 'S0153'),
( 'O0252', 'D0329', 'S0050'),
( 'O0268', 'D0331', 'S0206'),
( 'O0272', 'D0354', 'S0069'),
( 'O0272', 'D0354', 'S0170'),
( 'O0286', 'D0332', 'S0012'),
( 'O0290', 'D0339', 'S0319'),
( 'O0290', 'D0339', 'S0130'),
( 'O0296', 'D0333', 'S0065'),
( 'O0298', 'D0335', 'S0019'),
( 'O0304', 'D0341', 'S0264'),
( 'O0304', 'D0341', 'S0242'),
( 'O0304', 'D0342', 'S0025'),
( 'O0307', 'D0352', 'S0204'),
( 'O0307', 'D0352', 'S0013'),
( 'O0307', 'D0353', 'S0223'),
( 'O0019', 'D0395', 'S0021'),
( 'O0019', 'D0395', 'S0081'),
( 'O0019', 'D0396', 'S0144'),
( 'O0019', 'D0397', 'S0016'),
( 'O0051', 'D0365', 'S0066'),
( 'O0051', 'D0366', 'S0054'),
( 'O0053', 'D0373', 'S0029'),
( 'O0064', 'D0382', 'S0029'),
( 'O0064', 'D0382', 'S0130'),
( 'O0075', 'D0365', 'S0223'),
( 'O0075', 'D0366', 'S0155'),
( 'O0081', 'D0369', 'S0187'),
( 'O0088', 'D0383', 'S0091'),
( 'O0088', 'D0383', 'S0058'),
( 'O0088', 'D0384', 'S0066'),
( 'O0090', 'D0373', 'S0643'),
( 'O0097', 'D0391', 'S0054'),
( 'O0097', 'D0391', 'S0645'),
( 'O0098', 'D0385', 'S0067'),
( 'O0098', 'D0385', 'S0144'),
( 'O0106', 'D0392', 'S0245'),
( 'O0106', 'D0392', 'S0018'),
( 'O0106', 'D0393', 'S0007'),
( 'O0131', 'D0371', 'S0054'),
( 'O0131', 'D0371', 'S0571'),
( 'O0138', 'D0376', 'S0065'),
( 'O0155', 'D0362', 'S0072'),
( 'O0159', 'D0362', 'S0029'),
( 'O0159', 'D0364', 'S0021'),
( 'O0186', 'D0377', 'S0130'),
( 'O0189', 'D0378', 'S0004'),
( 'O0189', 'D0379', 'S0311'),
( 'O0189', 'D0379', 'S0118'),
( 'O0194', 'D0386', 'S0081'),
( 'O0194', 'D0386', 'S0165'),
( 'O0194', 'D0387', 'S0124'),
( 'O0201', 'D0363', 'S0352'),
( 'O0218', 'D0388', 'S0416'),
( 'O0218', 'D0388', 'S0118'),
( 'O0219', 'D0374', 'S0105'),
( 'O0219', 'D0374', 'S0204'),
( 'O0239', 'D0372', 'S0206'),
( 'O0254', 'D0375', 'S0144'),
( 'O0272', 'D0394', 'S0007'),
( 'O0272', 'D0394', 'S0319'),
( 'O0285', 'D0370', 'S0067'),
( 'O0290', 'D0367', 'S0170'),
( 'O0290', 'D0367', 'S0144'),
( 'O0290', 'D0377', 'S0197'),
( 'O0301', 'D0376', 'S0356'),
( 'O0302', 'D0368', 'S0220'),
( 'O0303', 'D0368', 'S0051'),
( 'O0304', 'D0389', 'S0204'),
( 'O0304', 'D0389', 'S0099'),
( 'O0304', 'D0390', 'S0029'),
( 'O0307', 'D0380', 'S0019'),
( 'O0307', 'D0380', 'S0072'),
( 'O0307', 'D0381', 'S0017'),
( 'O0307', 'D0397', 'S0583'),
( 'O0019', 'D0423', 'S0066'),
( 'O0019', 'D0424', 'S0004'),
( 'O0039', 'D0403', 'S0416'),
( 'O0042', 'D0405', 'S0242'),
( 'O0042', 'D0406', 'S0054'),
( 'O0060', 'D0407', 'S0105'),
( 'O0060', 'D0408', 'S0280'),
( 'O0061', 'D0411', 'S0066'),
( 'O0064', 'D0429', 'S0384'),
( 'O0064', 'D0429', 'S0352'),
( 'O0082', 'D0398', 'S0118'),
( 'O0088', 'D0421', 'S0065'),
( 'O0088', 'D0421', 'S0026'),
( 'O0088', 'D0422', 'S0065'),
( 'O0090', 'D0411', 'S0060'),
( 'O0091', 'D0402', 'S0004'),
( 'O0093', 'D0408', 'S0067'),
( 'O0097', 'D0428', 'S0029'),
( 'O0097', 'D0428', 'S0072'),
( 'O0106', 'D0430', 'S0707'),
( 'O0106', 'D0430', 'S0026'),
( 'O0114', 'D0401', 'S0206'),
( 'O0115', 'D0420', 'S0069'),
( 'O0115', 'D0420', 'S0311'),
( 'O0119', 'D0412', 'S0712'),
( 'O0134', 'D0406', 'S0290'),
( 'O0144', 'D0399', 'S0065'),
( 'O0149', 'D0407', 'S0018'),
( 'O0155', 'D0398', 'S0017'),
( 'O0159', 'D0399', 'S0026'),
( 'O0176', 'D0412', 'S0220'),
( 'O0184', 'D0403', 'S0203'),
( 'O0189', 'D0413', 'S0416'),
( 'O0189', 'D0413', 'S0423'),
( 'O0189', 'D0414', 'S0004'),
( 'O0194', 'D0416', 'S0065'),
( 'O0194', 'D0416', 'S0066'),
( 'O0194', 'D0417', 'S0041'),
( 'O0203', 'D0415', 'S0114'),
( 'O0218', 'D0425', 'S0118'),
( 'O0218', 'D0425', 'S0029'),
( 'O0219', 'D0400', 'S0059'),
( 'O0239', 'D0410', 'S0025'),
( 'O0257', 'D0405', 'S0206'),
( 'O0272', 'D0409', 'S0063'),
( 'O0284', 'D0401', 'S0063'),
( 'O0286', 'D0404', 'S0079'),
( 'O0304', 'D0418', 'S0197'),
( 'O0304', 'D0418', 'S0149'),
( 'O0304', 'D0419', 'S0712'),
( 'O0307', 'D0426', 'S0223'),
( 'O0307', 'D0426', 'S0042'),
( 'O0307', 'D0427', 'S0130'),
( 'O0307', 'D0431', 'S0058'),
( 'O0002', 'D0443', 'S0384'),
( 'O0003', 'D0435', 'S0288'),
( 'O0019', 'D0463', 'S0170'),
( 'O0019', 'D0463', 'S0092'),
( 'O0053', 'D0443', 'S0384'),
( 'O0060', 'D0445', 'S0747'),
( 'O0064', 'D0461', 'S0144'),
( 'O0064', 'D0461', 'S0170'),
( 'O0082', 'D0432', 'S0072'),
( 'O0084', 'D0444', 'S0054'),
( 'O0088', 'D0451', 'S0057'),
( 'O0088', 'D0451', 'S0118'),
( 'O0088', 'D0452', 'S0052'),
( 'O0088', 'D0464', 'S0058'),
( 'O0090', 'D0465', 'S0004'),
( 'O0090', 'D0466', 'S0021'),
( 'O0097', 'D0453', 'S0144'),
( 'O0106', 'D0448', 'S0760'),
( 'O0106', 'D0448', 'S0081'),
( 'O0106', 'D0449', 'S0065'),
( 'O0115', 'D0450', 'S0057'),
( 'O0115', 'D0450', 'S0280'),
( 'O0119', 'D0441', 'S0054'),
( 'O0119', 'D0441', 'S0384'),
( 'O0127', 'D0435', 'S0025'),
( 'O0131', 'D0447', 'S0144'),
( 'O0131', 'D0447', 'S0037'),
( 'O0134', 'D0432', 'S0065'),
( 'O0145', 'D0462', 'S0091'),
( 'O0145', 'D0462', 'S0311'),
( 'O0159', 'D0437', 'S0023'),
( 'O0167', 'D0433', 'S0057'),
( 'O0167', 'D0434', 'S0004'),
( 'O0168', 'D0436', 'S0204'),
( 'O0176', 'D0438', 'S0029'),
( 'O0176', 'D0440', 'S0069'),
( 'O0189', 'D0457', 'S0197'),
( 'O0189', 'D0457', 'S0072'),
( 'O0189', 'D0458', 'S0059'),
( 'O0194', 'D0459', 'S0057'),
( 'O0194', 'D0459', 'S0029'),
( 'O0194', 'D0460', 'S0067'),
( 'O0201', 'D0445', 'S0067'),
( 'O0214', 'D0444', 'S0072'),
( 'O0219', 'D0433', 'S0066'),
( 'O0222', 'D0438', 'S0128'),
( 'O0222', 'D0439', 'S0176'),
( 'O0262', 'D0466', 'S0130'),
( 'O0270', 'D0446', 'S0206'),
( 'O0272', 'D0439', 'S0057'),
( 'O0272', 'D0456', 'S0065'),
( 'O0285', 'D0436', 'S0206'),
( 'O0304', 'D0442', 'S0103'),
( 'O0304', 'D0442', 'S0081'),
( 'O0307', 'D0454', 'S0352'),
( 'O0307', 'D0454', 'S0004'),
( 'O0307', 'D0455', 'S0063'),
( 'O0015', 'D0491', 'S0149'),
( 'O0015', 'D0491', 'S0206'),
( 'O0019', 'D0488', 'S0066'),
( 'O0019', 'D0488', 'S0067'),
( 'O0019', 'D0489', 'S0066'),
( 'O0052', 'D0477', 'S0105'),
( 'O0057', 'D0471', 'S0091'),
( 'O0064', 'D0494', 'S0544'),
( 'O0064', 'D0494', 'S0091'),
( 'O0072', 'D0469', 'S0091'),
( 'O0072', 'D0476', 'S0118'),
( 'O0072', 'D0476', 'S0069'),
( 'O0072', 'D0501', 'S0311'),
( 'O0072', 'D0502', 'S0057'),
( 'O0088', 'D0492', 'S0067'),
( 'O0088', 'D0492', 'S0571'),
( 'O0088', 'D0493', 'S0079'),
( 'O0090', 'D0480', 'S0220'),
( 'O0090', 'D0480', 'S0223'),
( 'O0098', 'D0487', 'S0819'),
( 'O0098', 'D0487', 'S0067'),
( 'O0099', 'D0469', 'S0821'),
( 'O0106', 'D0485', 'S0021'),
( 'O0106', 'D0485', 'S0007'),
( 'O0106', 'D0486', 'S0057'),
( 'O0112', 'D0483', 'S0384'),
( 'O0121', 'D0473', 'S0081'),
( 'O0122', 'D0468', 'S0079'),
( 'O0122', 'D0473', 'S0828'),
( 'O0127', 'D0467', 'S0065'),
( 'O0130', 'D0471', 'S0072'),
( 'O0133', 'D0470', 'S0103'),
( 'O0138', 'D0502', 'S0202'),
( 'O0140', 'D0468', 'S0066'),
( 'O0145', 'D0474', 'S0834'),
( 'O0179', 'D0490', 'S0091'),
( 'O0179', 'D0490', 'S0004'),
( 'O0179', 'D0499', 'S0066'),
( 'O0182', 'D0477', 'S0425'),
( 'O0189', 'D0497', 'S0057'),
( 'O0189', 'D0497', 'S0042'),
( 'O0189', 'D0498', 'S0149'),
( 'O0189', 'D0500', 'S0016'),
( 'O0205', 'D0474', 'S0103'),
( 'O0219', 'D0470', 'S0067'),
( 'O0219', 'D0472', 'S0223'),
( 'O0222', 'D0481', 'S0105'),
( 'O0225', 'D0479', 'S0130'),
( 'O0234', 'D0478', 'S0130'),
( 'O0252', 'D0478', 'S0066'),
( 'O0263', 'D0475', 'S0067'),
( 'O0298', 'D0482', 'S0105'),
( 'O0303', 'D0482', 'S0149'),
( 'O0303', 'D0483', 'S0067'),
( 'O0304', 'D0484', 'S0544'),
( 'O0304', 'D0484', 'S0352'),
( 'O0307', 'D0496', 'S0029'),
( 'O0003', 'D0510', 'S0859'),
( 'O0003', 'D0511', 'S0015'),
( 'O0019', 'D0531', 'S0066'),
( 'O0019', 'D0531', 'S0130'),
( 'O0019', 'D0532', 'S0202'),
( 'O0022', 'D0517', 'S0065'),
( 'O0030', 'D0516', 'S0425'),
( 'O0041', 'D0516', 'S0144'),
( 'O0064', 'D0530', 'S0442'),
( 'O0064', 'D0530', 'S0868'),
( 'O0081', 'D0518', 'S0023'),
( 'O0082', 'D0504', 'S0130'),
( 'O0084', 'D0519', 'S0081'),
( 'O0084', 'D0519', 'S0015'),
( 'O0088', 'D0533', 'S0007'),
( 'O0088', 'D0533', 'S0130'),
( 'O0088', 'D0534', 'S0066'),
( 'O0094', 'D0522', 'S0091'),
( 'O0094', 'D0522', 'S0244'),
( 'O0106', 'D0523', 'S0049'),
( 'O0106', 'D0523', 'S0002'),
( 'O0106', 'D0524', 'S0079'),
( 'O0113', 'D0537', 'S0118'),
( 'O0119', 'D0527', 'S0128'),
( 'O0119', 'D0527', 'S0819'),
( 'O0121', 'D0517', 'S0149'),
( 'O0133', 'D0514', 'S0072'),
( 'O0133', 'D0515', 'S0149'),
( 'O0134', 'D0505', 'S0072'),
( 'O0144', 'D0503', 'S0091'),
( 'O0150', 'D0507', 'S0280'),
( 'O0150', 'D0509', 'S0072'),
( 'O0155', 'D0510', 'S0891'),
( 'O0155', 'D0512', 'S0288'),
( 'O0159', 'D0503', 'S0063'),
( 'O0194', 'D0528', 'S0165'),
( 'O0194', 'D0528', 'S0204'),
( 'O0194', 'D0529', 'S0066'),
( 'O0207', 'D0506', 'S0063'),
( 'O0207', 'D0506', 'S0280'),
( 'O0222', 'D0513', 'S0063'),
( 'O0222', 'D0514', 'S0900'),
( 'O0228', 'D0513', 'S0901'),
( 'O0245', 'D0507', 'S0902'),
( 'O0252', 'D0508', 'S0030'),
( 'O0270', 'D0536', 'S0049'),
( 'O0282', 'D0511', 'S0069'),
( 'O0304', 'D0525', 'S0091'),
( 'O0304', 'D0525', 'S0011'),
( 'O0304', 'D0526', 'S0144'),
( 'O0307', 'D0520', 'S0079'),
( 'O0307', 'D0520', 'S0356'),
( 'O0307', 'D0521', 'S0311'),
( 'O0307', 'D0535', 'S0021'),
( 'O0327', 'D0508', 'S0066'),
( 'O0328', 'D0504', 'S0026'),
( 'O0015', 'D0550', 'S0915'),
( 'O0019', 'D0566', 'S0105'),
( 'O0019', 'D0566', 'S0003'),
( 'O0019', 'D0567', 'S0213'),
( 'O0022', 'D0552', 'S0206'),
( 'O0039', 'D0543', 'S0118'),
( 'O0058', 'D0560', 'S0128'),
( 'O0058', 'D0560', 'S0063'),
( 'O0060', 'D0554', 'S0059'),
( 'O0064', 'D0568', 'S0202'),
( 'O0064', 'D0568', 'S0319'),
( 'O0077', 'D0545', 'S0828'),
( 'O0088', 'D0558', 'S0223'),
( 'O0088', 'D0558', 'S0928'),
( 'O0088', 'D0559', 'S0929'),
( 'O0090', 'D0544', 'S0280'),
( 'O0094', 'D0563', 'S0017'),
( 'O0094', 'D0563', 'S0066'),
( 'O0106', 'D0564', 'S0933'),
( 'O0106', 'D0564', 'S0204'),
( 'O0106', 'D0565', 'S0935'),
( 'O0112', 'D0551', 'S0936'),
( 'O0112', 'D0551', 'S0937'),
( 'O0115', 'D0545', 'S0030'),
( 'O0119', 'D0557', 'S0939'),
( 'O0119', 'D0557', 'S0544'),
( 'O0127', 'D0549', 'S0941'),
( 'O0142', 'D0538', 'S0165'),
( 'O0142', 'D0540', 'S0077'),
( 'O0155', 'D0539', 'S0944'),
( 'O0159', 'D0539', 'S0423'),
( 'O0168', 'D0544', 'S0007'),
( 'O0169', 'D0541', 'S0928'),
( 'O0182', 'D0542', 'S0019'),
( 'O0189', 'D0569', 'S0078'),
( 'O0189', 'D0569', 'S0384'),
( 'O0189', 'D0570', 'S0019'),
( 'O0194', 'D0561', 'S0072'),
( 'O0194', 'D0561', 'S0059'),
( 'O0194', 'D0562', 'S0391'),
( 'O0205', 'D0546', 'S0103'),
( 'O0210', 'D0549', 'S0157'),
( 'O0214', 'D0552', 'S0065'),
( 'O0216', 'D0541', 'S0026'),
( 'O0226', 'D0548', 'S0007'),
( 'O0239', 'D0547', 'S0060'),
( 'O0252', 'D0548', 'S0206'),
( 'O0263', 'D0553', 'S0099'),
( 'O0286', 'D0543', 'S0007'),
( 'O0301', 'D0553', 'S0051'),
( 'O0304', 'D0555', 'S0011'),
( 'O0304', 'D0555', 'S0440'),
( 'O0304', 'D0556', 'S0011'),
( 'O0307', 'D0571', 'S0091'),
( 'O0307', 'D0571', 'S0037'),
( 'O0307', 'D0572', 'S0059'),
( 'O0307', 'D0573', 'S0512'),
( 'O0009', 'D0584', 'S0972'),
( 'O0019', 'D0593', 'S0026'),
( 'O0019', 'D0593', 'S0018'),
( 'O0019', 'D0594', 'S0069'),
( 'O0037', 'D0582', 'S0059'),
( 'O0064', 'D0595', 'S0280'),
( 'O0068', 'D0574', 'S0527'),
( 'O0080', 'D0585', 'S0979'),
( 'O0082', 'D0578', 'S0059'),
( 'O0085', 'D0574', 'S0929'),
( 'O0085', 'D0575', 'S0042'),
( 'O0088', 'D0591', 'S0423'),
( 'O0088', 'D0591', 'S0984'),
( 'O0088', 'D0592', 'S0356'),
( 'O0106', 'D0586', 'S0583'),
( 'O0106', 'D0586', 'S0288'),
( 'O0106', 'D0587', 'S0124'),
( 'O0119', 'D0598', 'S0442'),
( 'O0119', 'D0598', 'S0464'),
( 'O0130', 'D0575', 'S0060'),
( 'O0130', 'D0576', 'S0065'),
( 'O0141', 'D0579', 'S0004'),
( 'O0143', 'D0580', 'S0994'),
( 'O0168', 'D0577', 'S0081'),
( 'O0183', 'D0583', 'S0288'),
( 'O0189', 'D0588', 'S0994'),
( 'O0189', 'D0588', 'S0998'),
( 'O0189', 'D0589', 'S0999'),
( 'O0205', 'D0599', 'S0023'),
( 'O0205', 'D0599', 'S0512'),
( 'O0205', 'D0600', 'S0015'),
( 'O0215', 'D0584', 'S0423'),
( 'O0219', 'D0601', 'S0144'),
( 'O0219', 'D0601', 'S0041'),
( 'O0219', 'D0602', 'S0176'),
( 'O0226', 'D0583', 'S0049')

INSERT INTO Record VALUES
( 'O0242', 'D0577', 'S0712'),
( 'O0242', 'D0578', 'S0821'),
( 'O0255', 'D0581', 'S0004'),
( 'O0262', 'D0590', 'S0941'),
( 'O0262', 'D0590', 'S0041'),
( 'O0286', 'D0582', 'S0313'),
( 'O0307', 'D0596', 'S0058'),
( 'O0307', 'D0596', 'S0003'),
( 'O0307', 'D0597', 'S0050'),
( 'O0319', 'D0580', 'S0027'),
( 'O0035', 'D0609', 'S0072'),
( 'O0051', 'D0605', 'S0091'),
( 'O0051', 'D0605', 'S0066'),
( 'O0060', 'D0623', 'S1021'),
( 'O0060', 'D0623', 'S0512'),
( 'O0070', 'D0606', 'S0105'),
( 'O0070', 'D0607', 'S0091'),
( 'O0082', 'D0608', 'S0042'),
( 'O0090', 'D0612', 'S0066'),
( 'O0120', 'D0628', 'S0016'),
( 'O0120', 'D0629', 'S1028'),
( 'O0121', 'D0630', 'S0204'),
( 'O0124', 'D0626', 'S0244'),
( 'O0124', 'D0626', 'S1031'),
( 'O0124', 'D0627', 'S1032'),
( 'O0127', 'D0620', 'S0024'),
( 'O0127', 'D0621', 'S0527'),
( 'O0127', 'D0622', 'S1035'),
( 'O0131', 'D0616', 'S0313'),
( 'O0136', 'D0604', 'S1037'),
( 'O0136', 'D0617', 'S0384'),
( 'O0136', 'D0617', 'S0056'),
( 'O0143', 'D0611', 'S1040'),
( 'O0159', 'D0635', 'S0026'),
( 'O0159', 'D0636', 'S0423'),
( 'O0159', 'D0637', 'S0065'),
( 'O0163', 'D0638', 'S0007'),
( 'O0163', 'D0639', 'S0011'),
( 'O0163', 'D0640', 'S0583'),
( 'O0168', 'D0612', 'S0060'),
( 'O0169', 'D0613', 'S0311'),
( 'O0184', 'D0610', 'S0066'),
( 'O0202', 'D0613', 'S0819'),
( 'O0205', 'D0609', 'S0003'),
( 'O0210', 'D0624', 'S1052'),
( 'O0210', 'D0625', 'S1053'),
( 'O0210', 'D0625', 'S0014'),
( 'O0218', 'D0631', 'S0933'),
( 'O0218', 'D0632', 'S0041'),
( 'O0218', 'D0633', 'S0165'),
( 'O0218', 'D0641', 'S1058'),
( 'O0222', 'D0618', 'S0011'),
( 'O0223', 'D0606', 'S0051'),
( 'O0228', 'D0615', 'S1061'),
( 'O0231', 'D0634', 'S0042'),
( 'O0231', 'D0634', 'S0030'),
( 'O0251', 'D0619', 'S0118'),
( 'O0251', 'D0619', 'S0021'),
( 'O0258', 'D0616', 'S0072'),
( 'O0280', 'D0607', 'S0065'),
( 'O0285', 'D0614', 'S0003'),
( 'O0296', 'D0611', 'S0197'),
( 'O0307', 'D0603', 'S0124'),
( 'O0307', 'D0604', 'S1071'),
( 'O0003', 'D0645', 'S0065'),
( 'O0003', 'D0647', 'S0313'),
( 'O0015', 'D0658', 'S1074'),
( 'O0017', 'D0642', 'S0078'),
( 'O0019', 'D0642', 'S0015'),
( 'O0022', 'D0648', 'S0206'),
( 'O0026', 'D0654', 'S0583'),
( 'O0053', 'D0648', 'S0288'),
( 'O0053', 'D0649', 'S0018'),
( 'O0053', 'D0653', 'S0223'),
( 'O0082', 'D0649', 'S0203'),
( 'O0097', 'D0652', 'S0828'),
( 'O0098', 'D0651', 'S0204'),
( 'O0104', 'D0645', 'S0007'),
( 'O0124', 'D0678', 'S0017'),
( 'O0124', 'D0678', 'S0043'),
( 'O0124', 'D0679', 'S1088'),
( 'O0155', 'D0657', 'S0204'),
( 'O0156', 'D0646', 'S0011'),
( 'O0158', 'D0646', 'S0391'),
( 'O0159', 'D0672', 'S0015'),
( 'O0159', 'D0673', 'S0979'),
( 'O0159', 'D0674', 'S0026'),
( 'O0163', 'D0666', 'S0999'),
( 'O0163', 'D0667', 'S0280'),
( 'O0163', 'D0667', 'S0155'),
( 'O0166', 'D0675', 'S0046'),
( 'O0166', 'D0676', 'S0013'),
( 'O0166', 'D0677', 'S0023'),
( 'O0170', 'D0652', 'S1101'),
( 'O0182', 'D0662', 'S0571'),
( 'O0182', 'D0663', 'S1103'),
( 'O0182', 'D0664', 'S1104'),
( 'O0199', 'D0657', 'S0290'),
( 'O0210', 'D0659', 'S1106'),
( 'O0210', 'D0660', 'S0007'),
( 'O0210', 'D0661', 'S1108'),
( 'O0211', 'D0655', 'S1101'),
( 'O0211', 'D0656', 'S0027'),
( 'O0215', 'D0643', 'S0114'),
( 'O0218', 'D0668', 'S0002'),
( 'O0218', 'D0669', 'S0059'),
( 'O0218', 'D0670', 'S0103'),
( 'O0231', 'D0671', 'S0059'),
( 'O0231', 'D0671', 'S0092'),
( 'O0233', 'D0665', 'S0244'),
( 'O0233', 'D0665', 'S0016'),
( 'O0235', 'D0654', 'S1101'),
( 'O0235', 'D0655', 'S0144'),
( 'O0238', 'D0643', 'S1121'),
( 'O0258', 'D0650', 'S1122'),
( 'O0299', 'D0644', 'S0079'),
( 'O0015', 'D0694', 'S0223'),
( 'O0015', 'D0695', 'S0828'),
( 'O0024', 'D0685', 'S0054'),
( 'O0025', 'D0686', 'S0018'),
( 'O0033', 'D0694', 'S0244'),
( 'O0034', 'D0688', 'S0118'),
( 'O0052', 'D0680', 'S1130'),
( 'O0052', 'D0681', 'S0092'),
( 'O0060', 'D0687', 'S1132'),
( 'O0069', 'D0685', 'S0058'),
( 'O0079', 'D0683', 'S0049'),
( 'O0080', 'D0684', 'S0069'),
( 'O0081', 'D0684', 'S0311'),
( 'O0124', 'D0708', 'S0004'),
( 'O0124', 'D0708', 'S0079'),
( 'O0124', 'D0709', 'S0004'),
( 'O0126', 'D0691', 'S0527'),
( 'O0131', 'D0695', 'S0026'),
( 'O0146', 'D0686', 'S0058'),
( 'O0159', 'D0705', 'S0311'),
( 'O0159', 'D0706', 'S0072'),
( 'O0159', 'D0707', 'S0007'),
( 'O0163', 'D0700', 'S0030'),
( 'O0163', 'D0701', 'S0057'),
( 'O0163', 'D0702', 'S0060'),
( 'O0166', 'D0680', 'S0118'),
( 'O0166', 'D0682', 'S0423'),
( 'O0169', 'D0689', 'S0057'),
( 'O0169', 'D0690', 'S0155'),
( 'O0203', 'D0703', 'S1153'),
( 'O0203', 'D0703', 'S0042'),
( 'O0203', 'D0704', 'S0223'),
( 'O0204', 'D0683', 'S0032'),
( 'O0210', 'D0697', 'S0060'),
( 'O0210', 'D0698', 'S1058'),
( 'O0210', 'D0699', 'S1159'),
( 'O0215', 'D0688', 'S1160'),
( 'O0218', 'D0710', 'S0249'),
( 'O0218', 'D0711', 'S0072'),
( 'O0218', 'D0712', 'S0356'),
( 'O0231', 'D0713', 'S0066'),
( 'O0231', 'D0713', 'S0007'),
( 'O0252', 'D0696', 'S0054'),
( 'O0256', 'D0689', 'S0204'),
( 'O0268', 'D0681', 'S0423'),
( 'O0283', 'D0692', 'S0244'),
( 'O0297', 'D0691', 'S0821'),
( 'O0320', 'D0693', 'S0060'),
( 'O0327', 'D0714', 'S0017'),
( 'O0327', 'D0715', 'S0103'),
( 'O0327', 'D0716', 'S0079'),
( 'O0009', 'D0720', 'S0043'),
( 'O0009', 'D0721', 'S0026'),
( 'O0037', 'D0717', 'S0007'),
( 'O0037', 'D0718', 'S0007'),
( 'O0050', 'D0731', 'S0223'),
( 'O0061', 'D0720', 'S0130'),
( 'O0073', 'D0726', 'S0206'),
( 'O0080', 'D0722', 'S0114'),
( 'O0080', 'D0723', 'S0048'),
( 'O0102', 'D0723', 'S0288'),
( 'O0114', 'D0733', 'S0041'),
( 'O0121', 'D0739', 'S0027'),
( 'O0121', 'D0740', 'S0391'),
( 'O0121', 'D0741', 'S1188'),
( 'O0121', 'D0754', 'S0103'),
( 'O0122', 'D0724', 'S0001'),
( 'O0124', 'D0743', 'S0290'),
( 'O0124', 'D0744', 'S1074'),
( 'O0124', 'D0744', 'S0015'),
( 'O0127', 'D0736', 'S0072'),
( 'O0127', 'D0737', 'S0197'),
( 'O0127', 'D0738', 'S0067'),
( 'O0128', 'D0722', 'S0253'),
( 'O0129', 'D0725', 'S0029'),
( 'O0129', 'D0726', 'S0170'),
( 'O0130', 'D0729', 'S0057'),
( 'O0147', 'D0725', 'S0288'),
( 'O0158', 'D0727', 'S0004'),
( 'O0158', 'D0729', 'S0057'),
( 'O0159', 'D0746', 'S0012'),
( 'O0159', 'D0747', 'S0043'),
( 'O0159', 'D0748', 'S0026'),
( 'O0163', 'D0752', 'S0583'),
( 'O0163', 'D0752', 'S0042'),
( 'O0163', 'D0753', 'S1209'),
( 'O0165', 'D0719', 'S0072'),
( 'O0198', 'D0732', 'S0072'),
( 'O0210', 'D0749', 'S1212'),
( 'O0210', 'D0750', 'S0014'),
( 'O0210', 'D0751', 'S0021'),
( 'O0218', 'D0734', 'S0017'),
( 'O0218', 'D0734', 'S0144'),
( 'O0218', 'D0735', 'S0066'),
( 'O0231', 'D0745', 'S0165'),
( 'O0231', 'D0745', 'S0203'),
( 'O0233', 'D0721', 'S0065'),
( 'O0233', 'D0742', 'S0058'),
( 'O0233', 'D0742', 'S0571'),
( 'O0266', 'D0731', 'S0391'),
( 'O0266', 'D0732', 'S0046'),
( 'O0283', 'D0718', 'S0079'),
( 'O0286', 'D0717', 'S0311'),
( 'O0298', 'D0728', 'S0391'),
( 'O0298', 'D0730', 'S0060'),
( 'O0329', 'D0730', 'S0069'),
( 'O0003', 'D0756', 'S0046'),
( 'O0014', 'D0768', 'S0206'),
( 'O0029', 'D0771', 'S0205'),
( 'O0077', 'D0767', 'S0042'),
( 'O0097', 'D0764', 'S0021'),
( 'O0118', 'D0758', 'S0069'),
( 'O0118', 'D0759', 'S1236'),
( 'O0124', 'D0783', 'S0026'),
( 'O0124', 'D0784', 'S0066'),
( 'O0124', 'D0784', 'S0290'),
( 'O0159', 'D0791', 'S0049'),
( 'O0159', 'D0792', 'S0026'),
( 'O0159', 'D0793', 'S0999'),
( 'O0163', 'D0780', 'S1243'),
( 'O0163', 'D0781', 'S0001'),
( 'O0163', 'D0782', 'S0030'),
( 'O0166', 'D0774', 'S0042'),
( 'O0166', 'D0775', 'S1247'),
( 'O0166', 'D0776', 'S0103'),
( 'O0178', 'D0755', 'S0244'),
( 'O0178', 'D0757', 'S0206'),
( 'O0182', 'D0788', 'S1101'),
( 'O0182', 'D0789', 'S1160'),
( 'O0182', 'D0790', 'S0015'),
( 'O0184', 'D0760', 'S0244'),
( 'O0187', 'D0758', 'S0072'),
( 'O0189', 'D0765', 'S0994'),
( 'O0210', 'D0777', 'S0206'),
( 'O0210', 'D0778', 'S0290'),
( 'O0210', 'D0779', 'S1259'),
( 'O0218', 'D0785', 'S0043'),
( 'O0218', 'D0785', 'S1074'),
( 'O0218', 'D0786', 'S0223'),
( 'O0221', 'D0761', 'S1263'),
( 'O0221', 'D0763', 'S1264'),
( 'O0228', 'D0770', 'S0187'),
( 'O0231', 'D0787', 'S0288'),
( 'O0231', 'D0787', 'S0124'),
( 'O0257', 'D0767', 'S0042'),
( 'O0276', 'D0755', 'S0007'),
( 'O0276', 'D0756', 'S0290'),
( 'O0283', 'D0761', 'S0242'),
( 'O0283', 'D0762', 'S0114'),
( 'O0289', 'D0759', 'S0144'),
( 'O0290', 'D0770', 'S0205'),
( 'O0293', 'D0766', 'S1275'),
( 'O0296', 'D0762', 'S0149'),
( 'O0300', 'D0768', 'S0223'),
( 'O0300', 'D0769', 'S0118'),
( 'O0303', 'D0772', 'S0011'),
( 'O0304', 'D0773', 'S0391'),
( 'O0006', 'D0803', 'S0026'),
( 'O0006', 'D0805', 'S1282'),
( 'O0010', 'D0806', 'S0054'),
( 'O0049', 'D0797', 'S0311'),
( 'O0049', 'D0798', 'S1285'),
( 'O0052', 'D0795', 'S0311'),
( 'O0076', 'D0801', 'S0067'),
( 'O0085', 'D0807', 'S0165'),
( 'O0092', 'D0800', 'S0205'),
( 'O0102', 'D0802', 'S0069'),
( 'O0137', 'D0796', 'S0124'),
( 'O0170', 'D0801', 'S0004'),
( 'O0219', 'D0798', 'S0512'),
( 'O0219', 'D0799', 'S0915'),
( 'O0237', 'D0808', 'S0040'),
( 'O0246', 'D0803', 'S0206'),
( 'O0246', 'D0804', 'S0206'),
( 'O0268', 'D0794', 'S1298'),
( 'O0269', 'D0796', 'S0091'),
( 'O0280', 'D0806', 'S0059'),
( 'O0280', 'D0807', 'S0149'),
( 'O0324', 'D0794', 'S0026'),
( 'O0327', 'D0804', 'S0223'),
( 'O0001', 'D0824', 'S0018'),
( 'O0001', 'D0825', 'S0057'),
( 'O0001', 'D0825', 'S0311'),
( 'O0001', 'D0826', 'S0026'),
( 'O0121', 'D0810', 'S0356'),
( 'O0121', 'D0810', 'S0206'),
( 'O0124', 'D0836', 'S0057'),
( 'O0124', 'D0837', 'S0091'),
( 'O0124', 'D0837', 'S0149'),
( 'O0124', 'D0838', 'S0118'),
( 'O0127', 'D0814', 'S0065'),
( 'O0127', 'D0814', 'S0206'),
( 'O0127', 'D0815', 'S0007'),
( 'O0163', 'D0822', 'S0057'),
( 'O0163', 'D0822', 'S0384'),
( 'O0163', 'D0823', 'S0099'),
( 'O0163', 'D0823', 'S0223'),
( 'O0166', 'D0809', 'S0004'),
( 'O0166', 'D0809', 'S0072'),
( 'O0182', 'D0830', 'S0004'),
( 'O0182', 'D0830', 'S0007'),
( 'O0182', 'D0831', 'S0527'),
( 'O0182', 'D0832', 'S0026'),
( 'O0203', 'D0819', 'S0023'),
( 'O0203', 'D0820', 'S0066'),
( 'O0203', 'D0820', 'S0249'),
( 'O0203', 'D0821', 'S0941'),
( 'O0210', 'D0816', 'S0079'),
( 'O0210', 'D0817', 'S1037'),
( 'O0210', 'D0817', 'S1333'),
( 'O0210', 'D0818', 'S0015'),
( 'O0218', 'D0827', 'S0067'),
( 'O0218', 'D0827', 'S0025'),
( 'O0218', 'D0828', 'S0065'),
( 'O0218', 'D0829', 'S0223'),
( 'O0224', 'D0812', 'S0130'),
( 'O0224', 'D0812', 'S0004'),
( 'O0224', 'D0813', 'S0050'),
( 'O0231', 'D0833', 'S0081'),
( 'O0231', 'D0833', 'S0149'),
( 'O0231', 'D0834', 'S0052'),
( 'O0231', 'D0835', 'S0130'),
( 'O0327', 'D0811', 'S0065'),
( 'O0327', 'D0811', 'S0072'),
( 'O0007', 'D0850', 'S0012'),
( 'O0008', 'D0853', 'S0001')

INSERT INTO Record VALUES
( 'O0014', 'D0842', 'S0040'),
( 'O0015', 'D0853', 'S0144'),
( 'O0019', 'D0848', 'S0118'),
( 'O0044', 'D0844', 'S0204'),
( 'O0047', 'D0847', 'S0021'),
( 'O0051', 'D0845', 'S0197'),
( 'O0058', 'D0861', 'S0144'),
( 'O0060', 'D0846', 'S0197'),
( 'O0078', 'D0842', 'S0065'),
( 'O0087', 'D0839', 'S0280'),
( 'O0127', 'D0858', 'S0396'),
( 'O0127', 'D0859', 'S0280'),
( 'O0127', 'D0860', 'S0052'),
( 'O0131', 'D0850', 'S1363'),
( 'O0139', 'D0841', 'S0023'),
( 'O0159', 'D0864', 'S0170'),
( 'O0159', 'D0865', 'S0103'),
( 'O0159', 'D0866', 'S0707'),
( 'O0159', 'D0876', 'S0416'),
( 'O0163', 'D0871', 'S0153'),
( 'O0163', 'D0872', 'S0144'),
( 'O0163', 'D0873', 'S0004'),
( 'O0163', 'D0875', 'S0220'),
( 'O0166', 'D0868', 'S0928'),
( 'O0166', 'D0869', 'S0099'),
( 'O0166', 'D0870', 'S0066'),
( 'O0169', 'D0843', 'S0067'),
( 'O0170', 'D0844', 'S0038'),
( 'O0170', 'D0852', 'S0747'),
( 'O0193', 'D0845', 'S0063'),
( 'O0199', 'D0852', 'S0118'),
( 'O0200', 'D0854', 'S0165'),
( 'O0210', 'D0874', 'S0012'),
( 'O0210', 'D0874', 'S0512'),
( 'O0218', 'D0855', 'S0004'),
( 'O0218', 'D0856', 'S0242'),
( 'O0218', 'D0857', 'S0187'),
( 'O0224', 'D0862', 'S0021'),
( 'O0224', 'D0862', 'S0128'),
( 'O0224', 'D0863', 'S0072'),
( 'O0231', 'D0867', 'S1040'),
( 'O0231', 'D0867', 'S0099'),
( 'O0257', 'D0841', 'S0017'),
( 'O0266', 'D0839', 'S0004'),
( 'O0290', 'D0851', 'S0060'),
( 'O0293', 'D0840', 'S0042'),
( 'O0293', 'D0840', 'S0165'),
( 'O0303', 'D0847', 'S0072'),
( 'O0303', 'D0848', 'S0001'),
( 'O0304', 'D0849', 'S0423'),
( 'O0004', 'D0892', 'S0001'),
( 'O0004', 'D0892', 'S0002'),
( 'O0004', 'D0899', 'S0003'),
( 'O0004', 'D0899', 'S0004'),
( 'O0023', 'D0880', 'S0005'),
( 'O0023', 'D0880', 'S0006'),
( 'O0045', 'D0884', 'S0007'),
( 'O0058', 'D0893', 'S0008'),
( 'O0058', 'D0893', 'S0009'),
( 'O0059', 'D0882', 'S0010'),
( 'O0059', 'D0882', 'S0011'),
( 'O0094', 'D0878', 'S0012'),
( 'O0094', 'D0878', 'S0013'),
( 'O0094', 'D0883', 'S0014'),
( 'O0094', 'D0900', 'S0015'),
( 'O0094', 'D0900', 'S0016'),
( 'O0104', 'D0887', 'S0017'),
( 'O0106', 'D0886', 'S0018'),
( 'O0106', 'D0886', 'S0019'),
( 'O0111', 'D0879', 'S0020'),
( 'O0111', 'D0879', 'S0021'),
( 'O0173', 'D0894', 'S0022'),
( 'O0173', 'D0894', 'S0023'),
( 'O0176', 'D0890', 'S0024'),
( 'O0176', 'D0890', 'S0025'),
( 'O0189', 'D0877', 'S0026'),
( 'O0189', 'D0877', 'S0027'),
( 'O0189', 'D0897', 'S0026'),
( 'O0232', 'D0885', 'S0029'),
( 'O0232', 'D0885', 'S0030'),
( 'O0271', 'D0887', 'S0023'),
( 'O0275', 'D0896', 'S0032'),
( 'O0275', 'D0896', 'S0027'),
( 'O0276', 'D0887', 'S0034'),
( 'O0290', 'D0895', 'S0035'),
( 'O0290', 'D0895', 'S0036'),
( 'O0291', 'D0891', 'S0037'),
( 'O0291', 'D0891', 'S0038'),
( 'O0291', 'D0901', 'S0039'),
( 'O0291', 'D0901', 'S0040'),
( 'O0294', 'D0881', 'S0041'),
( 'O0294', 'D0881', 'S0042'),
( 'O0297', 'D0888', 'S0043'),
( 'O0304', 'D0898', 'S0026'),
( 'O0325', 'D0883', 'S0035'),
( 'O0325', 'D0889', 'S0046'),
( 'O0325', 'D0889', 'S0015'),
( 'O0328', 'D0884', 'S0048')